timestamp,open,high,low,close,volume
11/29/2019 13:01,151.38,151.38,151.38,151.38,3873242
11/29/2019 13:00,151.52,151.76,151.4,151.41,813466
11/29/2019 12:59,151.44,151.53,151.42,151.52,156463
11/29/2019 12:58,151.37,151.47,151.37,151.45,108235
11/29/2019 12:57,151.4747,151.48,151.36,151.3656,79403
11/29/2019 12:56,151.47,151.52,151.455,151.477,77867
11/29/2019 12:55,151.53,151.56,151.38,151.47,170678
11/29/2019 12:54,151.51,151.57,151.48,151.515,58898
11/29/2019 12:53,151.49,151.52,151.46,151.515,52446
11/29/2019 12:52,151.52,151.54,151.49,151.5,43772
11/29/2019 12:51,151.44,151.55,151.43,151.51,85310
11/29/2019 12:50,151.52,151.52,151.44,151.44,31933
11/29/2019 12:49,151.45,151.51,151.44,151.51,53182
11/29/2019 12:48,151.42,151.47,151.42,151.44,46231
11/29/2019 12:47,151.38,151.43,151.3515,151.423,39508
11/29/2019 12:46,151.34,151.39,151.34,151.38,41907
11/29/2019 12:45,151.3194,151.34,151.295,151.34,35370
11/29/2019 12:44,151.335,151.365,151.3015,151.315,41327
11/29/2019 12:43,151.33,151.34,151.32,151.335,21536
11/29/2019 12:42,151.32,151.33,151.28,151.32,38203
11/29/2019 12:41,151.33,151.33,151.3,151.3,39884
11/29/2019 12:40,151.405,151.405,151.33,151.33,36961
11/29/2019 12:39,151.47,151.47,151.4,151.4,31173
11/29/2019 12:38,151.44,151.49,151.43,151.47,28312
11/29/2019 12:37,151.46,151.46,151.4,151.44,28181
11/29/2019 12:36,151.48,151.5,151.44,151.465,33680
11/29/2019 12:35,151.448,151.49,151.448,151.475,17430
11/29/2019 12:34,151.495,151.495,151.435,151.46,28637
11/29/2019 12:33,151.445,151.5298,151.445,151.4941,49090
11/29/2019 12:32,151.425,151.47,151.41,151.45,16750
11/29/2019 12:31,151.39,151.48,151.38,151.425,31839
11/29/2019 12:30,151.4101,151.4149,151.39,151.39,23225
11/29/2019 12:29,151.391,151.435,151.39,151.42,37099
11/29/2019 12:28,151.46,151.46,151.39,151.39,37438
11/29/2019 12:27,151.455,151.4732,151.42,151.46,26162
11/29/2019 12:26,151.45,151.46,151.43,151.46,15832
11/29/2019 12:25,151.48,151.51,151.45,151.45,14500
11/29/2019 12:24,151.41,151.48,151.4,151.47,26714
11/29/2019 12:23,151.42,151.43,151.4,151.41,33901
11/29/2019 12:22,151.48,151.52,151.42,151.425,26131
11/29/2019 12:21,151.46,151.48,151.44,151.475,16808
11/29/2019 12:20,151.4183,151.47,151.4183,151.4635,20247
11/29/2019 12:19,151.465,151.47,151.41,151.41,39816
11/29/2019 12:18,151.575,151.575,151.46,151.465,54147
11/29/2019 12:17,151.5855,151.6,151.57,151.575,22669
11/29/2019 12:16,151.62,151.63,151.575,151.5844,17427
11/29/2019 12:15,151.61,151.61,151.57,151.61,30972
11/29/2019 12:14,151.65,151.67,151.61,151.6166,32631
11/29/2019 12:13,151.68,151.6853,151.64,151.64,23517
11/29/2019 12:12,151.705,151.705,151.68,151.68,63318
11/29/2019 12:09,151.705,151.705,151.65,151.675,41720
11/29/2019 12:07,151.75,151.76,151.72,151.75,5959
11/29/2019 12:06,151.785,151.79,151.74,151.75,16699
11/29/2019 12:05,151.75,151.81,151.745,151.79,28818
11/29/2019 12:04,151.705,151.76,151.7,151.7568,31532
11/29/2019 12:03,151.7011,151.71,151.7,151.7,13908
11/29/2019 12:02,151.74,151.74,151.7,151.705,18479
11/29/2019 12:01,151.79,151.79,151.73,151.7368,14384
11/29/2019 12:00,151.79,151.81,151.79,151.795,6960
11/29/2019 11:59,151.745,151.81,151.725,151.795,24273
11/29/2019 11:58,151.8072,151.81,151.73,151.74,30685
11/29/2019 11:57,151.775,151.81,151.77,151.8,25614
11/29/2019 11:56,151.7481,151.76,151.705,151.76,30349
11/29/2019 11:55,151.72,151.75,151.69,151.75,28720
11/29/2019 11:54,151.66,151.74,151.66,151.7244,29174
11/29/2019 11:53,151.59,151.685,151.59,151.67,53531
11/29/2019 11:52,151.605,151.63,151.51,151.591,79398
11/29/2019 11:51,151.61,151.63,151.585,151.61,38755
11/29/2019 11:50,151.5559,151.61,151.5231,151.61,21808
11/29/2019 11:49,151.52,151.58,151.5199,151.56,24312
11/29/2019 11:48,151.5543,151.5575,151.5,151.52,18689
11/29/2019 11:47,151.53,151.5556,151.51,151.5556,20224
11/29/2019 11:46,151.56,151.575,151.5,151.52,42420
11/29/2019 11:45,151.605,151.605,151.55,151.55,13207
11/29/2019 11:44,151.57,151.6045,151.57,151.6,18346
11/29/2019 11:43,151.57,151.575,151.54,151.5698,47969
11/29/2019 11:42,151.63,151.64,151.615,151.615,3690
11/29/2019 11:41,151.66,151.67,151.63,151.635,45645
11/29/2019 11:39,151.6049,151.635,151.6049,151.635,11239
11/29/2019 11:38,151.57,151.6,151.57,151.6,32947
11/29/2019 11:37,151.48,151.62,151.48,151.57,64151
11/29/2019 11:36,151.53,151.53,151.48,151.49,49775
11/29/2019 11:35,151.57,151.57,151.52,151.528,12322
11/29/2019 11:34,151.53,151.57,151.5161,151.57,14069
11/29/2019 11:33,151.5144,151.53,151.51,151.52,19654
11/29/2019 11:32,151.57,151.58,151.51,151.515,31903
11/29/2019 11:31,151.57,151.57,151.54,151.56,16863
11/29/2019 11:30,151.6118,151.65,151.58,151.58,41569
11/29/2019 11:29,151.64,151.64,151.6,151.6066,13150
11/29/2019 11:28,151.605,151.64,151.6,151.64,13705
11/29/2019 11:27,151.665,151.6891,151.6,151.605,34385
11/29/2019 11:26,151.6785,151.7,151.65,151.67,19504
11/29/2019 11:25,151.5801,151.6744,151.58,151.6744,19275
11/29/2019 11:24,151.58,151.61,151.56,151.58,17781
11/29/2019 11:23,151.56,151.58,151.55,151.58,18215
11/29/2019 11:22,151.597,151.6,151.565,151.565,15972
11/29/2019 11:21,151.5923,151.6,151.555,151.595,42426
11/29/2019 11:20,151.62,151.64,151.6,151.6,28247
11/29/2019 11:19,151.655,151.655,151.6135,151.625,8813
11/29/2019 11:18,151.675,151.68,151.64,151.65,9864
11/29/2019 11:17,151.6,151.695,151.6,151.675,22639
11/29/2019 11:16,151.61,151.64,151.6,151.61,15132
11/29/2019 11:15,151.665,151.67,151.6,151.61,29767
11/29/2019 11:14,151.715,151.75,151.6693,151.6693,18801
11/29/2019 11:13,151.715,151.73,151.71,151.72,29827
11/29/2019 11:11,151.69,151.69,151.665,151.69,13326
11/29/2019 11:10,151.705,151.71,151.66,151.6829,47650
11/29/2019 11:09,151.74,151.745,151.7,151.71,27670
11/29/2019 11:08,151.765,151.77,151.735,151.74,20627
11/29/2019 11:07,151.77,151.8,151.76,151.76,26713
11/29/2019 11:06,151.755,151.79,151.751,151.7668,19754
11/29/2019 11:05,151.76,151.7988,151.73,151.755,24135
11/29/2019 11:04,151.785,151.785,151.75,151.77,34129
11/29/2019 11:03,151.76,151.795,151.76,151.785,18305
11/29/2019 11:02,151.73,151.78,151.7254,151.76,27045
11/29/2019 11:01,151.69,151.74,151.685,151.725,26060
11/29/2019 11:00,151.66,151.74,151.65,151.7,23403
11/29/2019 10:59,151.68,151.68,151.6,151.6565,38523
11/29/2019 10:58,151.67,151.7056,151.655,151.68,18321
11/29/2019 10:57,151.7046,151.725,151.66,151.66,21894
11/29/2019 10:56,151.73,151.74,151.68,151.71,20530
11/29/2019 10:55,151.66,151.73,151.65,151.73,33147
11/29/2019 10:54,151.69,151.69,151.64,151.66,36031
11/29/2019 10:53,151.75,151.75,151.69,151.7,28115
11/29/2019 10:52,151.785,151.8,151.75,151.75,15497
11/29/2019 10:51,151.795,151.81,151.7505,151.79,17409
11/29/2019 10:50,151.7646,151.81,151.76,151.7934,14813
11/29/2019 10:49,151.79,151.8,151.75,151.76,28778
11/29/2019 10:48,151.81,151.83,151.775,151.785,36438
11/29/2019 10:47,151.8303,151.86,151.8,151.825,25675
11/29/2019 10:46,151.84,151.87,151.82,151.84,16526
11/29/2019 10:45,151.82,151.86,151.8146,151.85,25648
11/29/2019 10:44,151.89,151.895,151.82,151.82,16579
11/29/2019 10:43,151.9275,151.9275,151.845,151.88,34755
11/29/2019 10:42,151.91,151.93,151.9,151.9241,18369
11/29/2019 10:41,151.94,151.94,151.885,151.93,25845
11/29/2019 10:40,151.965,151.99,151.9351,151.945,21989
11/29/2019 10:39,151.9146,152.01,151.9,151.965,50278
11/29/2019 10:38,151.8937,151.93,151.8721,151.9145,28698
11/29/2019 10:37,151.79,151.9,151.78,151.9,35404
11/29/2019 10:36,151.74,151.79,151.73,151.785,31072
11/29/2019 10:35,151.7778,151.81,151.75,151.75,25527
11/29/2019 10:34,151.7,151.78,151.69,151.78,38934
11/29/2019 10:33,151.7597,151.7597,151.7,151.71,32481
11/29/2019 10:32,151.81,151.81,151.71,151.7475,41322
11/29/2019 10:31,151.86,151.88,151.81,151.82,35800
11/29/2019 10:30,151.88,151.9,151.85,151.8575,22371
11/29/2019 10:29,151.955,151.955,151.88,151.89,23049
11/29/2019 10:28,151.9369,151.9809,151.93,151.955,21139
11/29/2019 10:27,151.99,152,151.93,151.935,24186
11/29/2019 10:26,151.947,151.98,151.92,151.98,19799
11/29/2019 10:25,151.975,151.99,151.93,151.94,24525
11/29/2019 10:24,152.02,152.04,151.96,151.985,46274
11/29/2019 10:23,152.04,152.065,151.9914,152.03,21690
11/29/2019 10:22,151.96,152.03,151.95,152.03,29080
11/29/2019 10:21,152.02,152.03,151.95,151.96,34982
11/29/2019 10:20,152.06,152.06,152.01,152.0247,12741
11/29/2019 10:19,152.08,152.108,152.04,152.0643,29880
11/29/2019 10:18,152.115,152.14,152.075,152.08,17906
11/29/2019 10:17,152.175,152.175,152.1,152.11,13026
11/29/2019 10:16,152.1,152.18,152.09,152.18,22022
11/29/2019 10:15,152.08,152.14,152.07,152.1,22777
11/29/2019 10:14,152.07,152.1,152.04,152.08,29510
11/29/2019 10:13,152.12,152.17,152.06,152.065,20229
11/29/2019 10:12,152.13,152.16,152.09,152.13,27236
11/29/2019 10:11,152.1256,152.205,152.1249,152.13,25750
11/29/2019 10:10,152.22,152.24,152.11,152.13,25942
11/29/2019 10:09,152.23,152.25,152.19,152.215,20460
11/29/2019 10:08,152.24,152.3,152.2306,152.232,38659
11/29/2019 10:07,152.175,152.25,152.17,152.24,35420
11/29/2019 10:06,152.155,152.18,152.15,152.175,19714
11/29/2019 10:05,152.13,152.19,152.11,152.1461,30427
11/29/2019 10:04,152.174,152.19,152.11,152.14,32487
11/29/2019 10:03,151.9992,152.17,151.9992,152.17,53520
11/29/2019 10:02,152.08,152.1147,151.9844,151.99,30923
11/29/2019 10:01,152.12,152.13,152,152.08,58756
11/29/2019 10:00,152.12,152.15,152.08,152.13,29006
11/29/2019 9:59,152.05,152.13,152.03,152.115,35047
11/29/2019 9:58,152.02,152.0544,152.02,152.04,24850
11/29/2019 9:57,151.9963,152.02,151.9963,152.02,21415
11/29/2019 9:56,152.04,152.04,152,152,31434
11/29/2019 9:55,152.07,152.08,152.0615,152.0615,36579
11/29/2019 9:54,151.985,152.05,151.985,152.05,43818
11/29/2019 9:53,151.8856,151.93,151.8856,151.93,33381
11/29/2019 9:52,151.96,151.96,151.9,151.9,66539
11/29/2019 9:51,151.95,151.98,151.95,151.98,2434
11/29/2019 9:50,151.95,151.97,151.95,151.97,24054
11/29/2019 9:49,151.91,151.96,151.9,151.96,26680
11/29/2019 9:48,151.95,151.95,151.9,151.9,44879
11/29/2019 9:47,151.8898,151.95,151.8898,151.95,75820
11/29/2019 9:46,151.92,151.92,151.88,151.92,24693
11/29/2019 9:45,151.85,151.92,151.85,151.92,28519
11/29/2019 9:44,151.72,151.83,151.7,151.83,34230
11/29/2019 9:43,151.73,151.73,151.72,151.72,46779
11/29/2019 9:42,151.855,151.855,151.78,151.78,30073
11/29/2019 9:41,151.94,151.94,151.858,151.858,65411
11/29/2019 9:40,151.82,151.95,151.82,151.93,69787
11/29/2019 9:39,151.6409,151.81,151.6409,151.81,26022
11/29/2019 9:38,151.68,151.69,151.68,151.69,33483
11/29/2019 9:37,151.828,151.828,151.77,151.77,27099
11/29/2019 9:36,151.89,151.89,151.8,151.8,70816
11/29/2019 9:35,151.45,151.88,151.45,151.88,107978
11/29/2019 9:34,151.47,151.47,151.47,151.47,111866
11/29/2019 9:33,151.98,151.98,151.74,151.7654,77168
11/29/2019 9:32,152.04,152.04,151.913,151.99,53618
11/29/2019 9:31,152.1061,152.2457,151.9755,152.0281,525074
11/27/2019 16:00,152.27,152.36,152.2,152.34,424723
11/27/2019 15:59,152.185,152.27,152.16,152.265,131850
11/27/2019 15:58,152.19,152.2,152.12,152.185,93776
11/27/2019 15:57,152.125,152.19,152.11,152.18,70191
11/27/2019 15:56,152.16,152.195,152.12,152.125,50907
11/27/2019 15:55,152.11,152.21,152.095,152.165,98207
11/27/2019 15:54,152.095,152.12,152.065,152.115,48489
11/27/2019 15:53,152.12,152.13,152.09,152.095,34743
11/27/2019 15:52,152.17,152.17,152.07,152.1,43895
11/27/2019 15:51,152.12,152.18,152.09,152.175,78904
11/27/2019 15:50,152.185,152.19,152.12,152.125,39824
11/27/2019 15:49,152.17,152.2,152.16,152.19,47796
11/27/2019 15:48,152.1859,152.19,152.15,152.165,27067
11/27/2019 15:47,152.1157,152.19,152.11,152.19,52980
11/27/2019 15:46,152.135,152.16,152.11,152.115,47896
11/27/2019 15:45,152.0931,152.13,152.09,152.125,31518
11/27/2019 15:44,152.055,152.12,152.055,152.1,19192
11/27/2019 15:43,152.075,152.08,152.05,152.05,21093
11/27/2019 15:42,152.065,152.14,152.05,152.075,53571
11/27/2019 15:41,152.045,152.09,152.045,152.07,27946
11/27/2019 15:40,152.045,152.05,152.0344,152.045,15901
11/27/2019 15:39,152.07,152.08,152.0344,152.045,26370
11/27/2019 15:38,152.045,152.08,152.04,152.0725,29375
11/27/2019 15:37,152.015,152.0477,152.015,152.045,16030
11/27/2019 15:36,152.0451,152.0451,151.99,151.995,39069
11/27/2019 15:35,152.0236,152.05,152.0236,152.05,15840
11/27/2019 15:34,151.98,152.03,151.98,152.025,17897
11/27/2019 15:33,152.054,152.06,151.98,151.985,22524
11/27/2019 15:32,152.0457,152.07,152.041,152.05,28907
11/27/2019 15:31,152.01,152.055,152.0043,152.05,29081
11/27/2019 15:30,151.995,152.02,151.99,152.005,23989
11/27/2019 15:29,152.005,152.01,151.98,151.9964,16459
11/27/2019 15:28,152.005,152.005,152.0044,152.0044,19014
11/27/2019 15:27,151.9852,151.995,151.9744,151.98,13708
11/27/2019 15:26,151.98,152,151.975,151.995,18558
11/27/2019 15:25,151.98,151.98,151.96,151.965,10955
11/27/2019 15:24,152,152.015,151.98,151.9836,26704
11/27/2019 15:23,152.015,152.015,151.99,152,19017
11/27/2019 15:22,151.99,152.03,151.99,152.0156,25253
11/27/2019 15:21,151.95,151.99,151.95,151.985,22290
11/27/2019 15:20,151.985,151.985,151.935,151.955,31119
11/27/2019 15:19,151.985,151.99,151.98,151.9841,11420
11/27/2019 15:18,151.975,151.995,151.974,151.98,12779
11/27/2019 15:17,151.965,151.98,151.9634,151.98,12558
11/27/2019 15:16,151.98,151.98,151.96,151.97,21352
11/27/2019 15:15,152.005,152.005,151.97,151.9756,23137
11/27/2019 15:14,152.005,152.01,151.995,152,27888
11/27/2019 15:13,152.01,152.02,151.99,152,16509
11/27/2019 15:12,152.0036,152.03,152,152.015,12229
11/27/2019 15:11,151.985,152.014,151.98,152.005,30924
11/27/2019 15:10,151.9644,151.985,151.9442,151.98,27986
11/27/2019 15:09,151.9793,151.98,151.955,151.9651,18287
11/27/2019 15:08,152,152.005,151.9715,151.974,10058
11/27/2019 15:07,151.99,152.025,151.985,152.004,19071
11/27/2019 15:06,152.005,152.01,151.96,151.985,17763
11/27/2019 15:05,152.01,152.03,152,152.01,25742
11/27/2019 15:04,151.99,152.07,151.98,152.015,154797
11/27/2019 15:03,151.975,151.995,151.97,151.975,24978
11/27/2019 15:02,152,152.005,151.96,151.9756,35690
11/27/2019 15:01,152,152.005,151.98,151.9901,29916
11/27/2019 15:00,151.991,152.005,151.99,151.995,35960
11/27/2019 14:59,151.995,152,151.99,151.995,19615
11/27/2019 14:58,151.985,152,151.97,151.99,14833
11/27/2019 14:57,151.97,151.99,151.97,151.985,7461
11/27/2019 14:56,151.993,152,151.962,151.9643,16378
11/27/2019 14:55,151.98,151.995,151.975,151.995,11665
11/27/2019 14:54,151.9774,151.99,151.96,151.9729,18891
11/27/2019 14:53,151.955,151.98,151.94,151.975,35974
11/27/2019 14:52,151.9449,151.96,151.9401,151.955,11872
11/27/2019 14:51,151.96,151.96,151.93,151.945,46874
11/27/2019 14:50,151.975,151.99,151.95,151.95,11129
11/27/2019 14:49,151.99,152,151.97,151.975,12581
11/27/2019 14:48,151.995,152,151.9643,151.985,19726
11/27/2019 14:47,151.995,152.005,151.981,152,25736
11/27/2019 14:46,152.055,152.06,151.99,151.995,41506
11/27/2019 14:45,152.035,152.055,152.031,152.055,14743
11/27/2019 14:44,152.0494,152.055,152.025,152.03,14758
11/27/2019 14:43,152.03,152.055,152.025,152.04,27085
11/27/2019 14:42,152.005,152.0298,152,152.0249,14342
11/27/2019 14:41,151.985,152.02,151.98,152,25179
11/27/2019 14:40,152.0051,152.01,151.98,151.985,20115
11/27/2019 14:39,152,152.015,151.985,152.005,11751
11/27/2019 14:38,151.98,152,151.98,152,11402
11/27/2019 14:37,151.9701,151.99,151.96,151.985,15211
11/27/2019 14:36,151.98,152,151.975,151.975,14411
11/27/2019 14:35,152.005,152.0181,151.98,151.985,14017
11/27/2019 14:34,151.99,152.015,151.98,152,16632
11/27/2019 14:33,152.02,152.02,151.99,151.99,23776
11/27/2019 14:32,152.038,152.038,152.01,152.01,11493
11/27/2019 14:31,152.045,152.0457,152.0121,152.04,16746
11/27/2019 14:30,152.035,152.05,152.03,152.0446,23307
11/27/2019 14:29,152.045,152.05,152.02,152.03,11250
11/27/2019 14:28,152.05,152.055,152.02,152.05,17458
11/27/2019 14:27,152.045,152.055,152.0299,152.0499,13390
11/27/2019 14:26,152.05,152.056,152.015,152.04,26563
11/27/2019 14:25,152.0599,152.075,152.05,152.0568,11859
11/27/2019 14:24,152.0641,152.075,152.04,152.0551,19515
11/27/2019 14:23,152.12,152.125,152.06,152.06,12800
11/27/2019 14:22,152.09,152.13,152.09,152.124,59976
11/27/2019 14:21,152.055,152.09,152.0536,152.09,18449
11/27/2019 14:20,152.065,152.08,152.05,152.05,12542
11/27/2019 14:19,152.05,152.07,152.035,152.06,16355
11/27/2019 14:18,152.045,152.055,152.03,152.055,26693
11/27/2019 14:17,152.0857,152.09,152.0409,152.045,14367
11/27/2019 14:16,152.094,152.1,152.07,152.09,21808
11/27/2019 14:15,152.155,152.16,152.09,152.0927,13666
11/27/2019 14:14,152.14,152.16,152.135,152.15,19836
11/27/2019 14:13,152.12,152.14,152.11,152.135,7337
11/27/2019 14:12,152.12,152.14,152.115,152.12,27309
11/27/2019 14:11,152.12,152.13,152.105,152.1271,10395
11/27/2019 14:10,152.11,152.13,152.11,152.1146,22952
11/27/2019 14:09,152.08,152.11,152.0605,152.1,18636
11/27/2019 14:08,152.07,152.11,152.06,152.075,26003
11/27/2019 14:07,152.0642,152.1,152.0642,152.0749,16118
11/27/2019 14:06,152.055,152.0681,152.035,152.0681,11248
11/27/2019 14:05,152.04,152.06,152.03,152.0401,9975
11/27/2019 14:04,152.03,152.06,152.03,152.04,14645
11/27/2019 14:03,152.06,152.065,152.02,152.03,14240
11/27/2019 14:02,152.055,152.07,152.05,152.07,12315
11/27/2019 14:01,152.07,152.07,152.05,152.055,7853
11/27/2019 14:00,152.06,152.08,152.06,152.07,8943
11/27/2019 13:59,152.065,152.07,152.05,152.055,15312
11/27/2019 13:58,152.0449,152.065,152.04,152.065,14974
11/27/2019 13:57,152,152.08,152,152.04,27766
11/27/2019 13:56,151.9631,152,151.95,152,9103
11/27/2019 13:55,152.02,152.025,151.96,151.96,43494
11/27/2019 13:54,152.03,152.049,152.02,152.0256,10409
11/27/2019 13:53,152.005,152.04,151.99,152.03,12421
11/27/2019 13:52,151.9941,152.01,151.985,152,9098
11/27/2019 13:51,152,152.01,151.98,151.99,8214
11/27/2019 13:50,152.01,152.0158,151.96,151.99,25834
11/27/2019 13:49,152,152.02,151.9943,152.015,13918
11/27/2019 13:48,152,152.025,151.99,152.015,23821
11/27/2019 13:47,152.02,152.02,151.98,151.995,12707
11/27/2019 13:46,152.01,152.025,151.9875,152.015,56310
11/27/2019 13:45,152.015,152.03,152.01,152.0157,18423
11/27/2019 13:44,152.035,152.04,152.01,152.0129,17785
11/27/2019 13:43,152.05,152.055,152.03,152.037,16289
11/27/2019 13:42,152.0538,152.06,152.05,152.055,11294
11/27/2019 13:41,152.062,152.07,152.05,152.055,8091
11/27/2019 13:40,152.0549,152.0678,152.045,152.0678,13802
11/27/2019 13:39,152.06,152.06,152.04,152.0557,13209
11/27/2019 13:38,152.07,152.07,152.05,152.0545,15292
11/27/2019 13:37,152.06,152.15,152.05,152.06,71158
11/27/2019 13:36,152.04,152.07,152.04,152.05,29234
11/27/2019 13:35,152.04,152.06,152.04,152.04,11186
11/27/2019 13:34,152.03,152.05,152.03,152.0499,87812
11/27/2019 13:33,152.075,152.08,152.025,152.0332,30661
11/27/2019 13:32,152.05,152.08,152.04,152.0756,16536
11/27/2019 13:31,152.055,152.065,152.04,152.0479,65993
11/27/2019 13:30,152.11,152.11,152.05,152.055,16964
11/27/2019 13:29,152.14,152.16,152.115,152.115,9961
11/27/2019 13:28,152.16,152.17,152.112,152.135,12999
11/27/2019 13:27,152.17,152.18,152.14,152.1517,19072
11/27/2019 13:26,152.18,152.205,152.17,152.17,16768
11/27/2019 13:25,152.16,152.185,152.15,152.18,8499
11/27/2019 13:24,152.16,152.17,152.13,152.155,9082
11/27/2019 13:23,152.16,152.18,152.155,152.17,20353
11/27/2019 13:22,152.17,152.195,152.1573,152.1573,18618
11/27/2019 13:21,152.135,152.19,152.13,152.17,18664
11/27/2019 13:20,152.17,152.185,152.14,152.14,9299
11/27/2019 13:19,152.16,152.19,152.15,152.17,18582
11/27/2019 13:18,152.145,152.17,152.1341,152.17,13496
11/27/2019 13:17,152.14,152.15,152.115,152.1405,28721
11/27/2019 13:16,152.215,152.235,152.1336,152.1336,42719
11/27/2019 13:15,152.195,152.27,152.19,152.21,55662
11/27/2019 13:14,152.19,152.23,152.18,152.2,20072
11/27/2019 13:13,152.2061,152.22,152.2,152.2,9333
11/27/2019 13:12,152.203,152.205,152.17,152.19,17854
11/27/2019 13:11,152.26,152.27,152.203,152.2098,18781
11/27/2019 13:10,152.26,152.28,152.235,152.26,135453
11/27/2019 13:09,152.25,152.2699,152.24,152.265,10487
11/27/2019 13:08,152.235,152.285,152.235,152.255,39292
11/27/2019 13:07,152.2101,152.24,152.2101,152.24,10328
11/27/2019 13:06,152.21,152.25,152.19,152.22,43018
11/27/2019 13:05,152.2,152.22,152.1939,152.21,12135
11/27/2019 13:04,152.2,152.235,152.2,152.205,16240
11/27/2019 13:03,152.19,152.2065,152.1673,152.2,12332
11/27/2019 13:02,152.18,152.2,152.18,152.1939,9773
11/27/2019 13:01,152.175,152.18,152.16,152.17,11899
11/27/2019 13:00,152.2,152.21,152.18,152.18,21545
11/27/2019 12:59,152.2308,152.25,152.2043,152.215,64685
11/27/2019 12:58,152.245,152.25,152.22,152.235,13139
11/27/2019 12:57,152.24,152.255,152.24,152.245,11788
11/27/2019 12:56,152.2415,152.256,152.22,152.245,20870
11/27/2019 12:55,152.23,152.27,152.23,152.245,37221
11/27/2019 12:54,152.24,152.2439,152.23,152.235,7386
11/27/2019 12:53,152.23,152.25,152.225,152.24,8375
11/27/2019 12:52,152.22,152.239,152.205,152.225,9704
11/27/2019 12:51,152.25,152.25,152.22,152.2274,11366
11/27/2019 12:50,152.209,152.25,152.19,152.25,31500
11/27/2019 12:49,152.18,152.21,152.18,152.2,10944
11/27/2019 12:48,152.18,152.195,152.179,152.18,9839
11/27/2019 12:47,152.16,152.195,152.15,152.175,15447
11/27/2019 12:46,152.14,152.165,152.14,152.155,8483
11/27/2019 12:45,152.16,152.16,152.1335,152.1335,10795
11/27/2019 12:44,152.16,152.165,152.14,152.15,9959
11/27/2019 12:43,152.185,152.19,152.14,152.165,28653
11/27/2019 12:42,152.2117,152.225,152.185,152.185,14056
11/27/2019 12:41,152.197,152.215,152.19,152.2126,13125
11/27/2019 12:40,152.22,152.22,152.18,152.195,9805
11/27/2019 12:39,152.2143,152.22,152.19,152.22,11598
11/27/2019 12:38,152.205,152.24,152.195,152.22,9868
11/27/2019 12:37,152.21,152.23,152.2033,152.21,9558
11/27/2019 12:36,152.23,152.2378,152.2,152.21,12085
11/27/2019 12:35,152.21,152.2461,152.21,152.24,13244
11/27/2019 12:34,152.19,152.216,152.1818,152.215,16149
11/27/2019 12:33,152.16,152.185,152.15,152.185,11855
11/27/2019 12:32,152.1757,152.18,152.1553,152.17,7650
11/27/2019 12:31,152.195,152.195,152.15,152.18,28153
11/27/2019 12:30,152.2092,152.21,152.18,152.2,6842
11/27/2019 12:29,152.21,152.215,152.18,152.205,11040
11/27/2019 12:28,152.24,152.265,152.21,152.215,24097
11/27/2019 12:27,152.23,152.245,152.22,152.235,8957
11/27/2019 12:26,152.24,152.24,152.195,152.23,11041
11/27/2019 12:25,152.24,152.24,152.195,152.23,15801
11/27/2019 12:24,152.29,152.2968,152.24,152.25,18176
11/27/2019 12:23,152.27,152.305,152.27,152.295,15142
11/27/2019 12:22,152.26,152.2601,152.24,152.2601,9752
11/27/2019 12:21,152.25,152.2659,152.24,152.255,9708
11/27/2019 12:20,152.25,152.26,152.23,152.26,13105
11/27/2019 12:19,152.21,152.265,152.205,152.25,12808
11/27/2019 12:18,152.24,152.2765,152.2,152.2016,20698
11/27/2019 12:17,152.2175,152.2357,152.2,152.235,15973
11/27/2019 12:16,152.305,152.31,152.204,152.21,30673
11/27/2019 12:15,152.255,152.31,152.24,152.305,39476
11/27/2019 12:14,152.2701,152.29,152.25,152.26,13923
11/27/2019 12:13,152.305,152.3127,152.2751,152.2751,15111
11/27/2019 12:12,152.255,152.31,152.2444,152.305,16921
11/27/2019 12:11,152.29,152.29,152.25,152.2582,18593
11/27/2019 12:10,152.3049,152.305,152.28,152.2828,13487
11/27/2019 12:09,152.32,152.33,152.2901,152.3051,35439
11/27/2019 12:08,152.3,152.32,152.281,152.315,16488
11/27/2019 12:07,152.3,152.32,152.295,152.295,14179
11/27/2019 12:06,152.275,152.29,152.275,152.29,34305
11/27/2019 12:04,152.225,152.255,152.22,152.2459,18762
11/27/2019 12:03,152.2297,152.275,152.22,152.222,38969
11/27/2019 12:02,152.225,152.23,152.22,152.2255,56469
11/27/2019 12:00,152.3,152.34,152.3,152.3,21170
11/27/2019 11:59,152.305,152.305,152.28,152.295,11264
11/27/2019 11:58,152.34,152.35,152.29,152.3,14413
11/27/2019 11:57,152.306,152.345,152.305,152.33,28796
11/27/2019 11:56,152.289,152.31,152.28,152.31,17813
11/27/2019 11:55,152.29,152.3,152.27,152.28,22902
11/27/2019 11:54,152.28,152.305,152.28,152.29,16989
11/27/2019 11:53,152.26,152.3,152.2588,152.285,19859
11/27/2019 11:52,152.2869,152.295,152.24,152.26,36113
11/27/2019 11:51,152.29,152.2965,152.27,152.285,19714
11/27/2019 11:50,152.2675,152.3,152.265,152.2944,18844
11/27/2019 11:49,152.2513,152.29,152.25,152.265,17640
11/27/2019 11:48,152.265,152.2682,152.24,152.255,22974
11/27/2019 11:47,152.2257,152.28,152.2257,152.26,49495
11/27/2019 11:46,152.23,152.25,152.2,152.225,18502
11/27/2019 11:45,152.235,152.2368,152.2,152.225,32544
11/27/2019 11:44,152.205,152.235,152.2,152.2321,33766
11/27/2019 11:43,152.19,152.21,152.1833,152.205,25960
11/27/2019 11:42,152.19,152.2,152.16,152.185,18453
11/27/2019 11:41,152.16,152.19,152.14,152.19,16005
11/27/2019 11:40,152.1727,152.1756,152.14,152.15,16643
11/27/2019 11:39,152.12,152.18,152.11,152.168,17015
11/27/2019 11:38,152.12,152.13,152.1,152.12,14561
11/27/2019 11:37,152.14,152.1451,152.11,152.12,19438
11/27/2019 11:36,152.12,152.12,152.12,152.12,16720
11/27/2019 11:35,152.1573,152.16,152.12,152.1261,153163
11/27/2019 11:31,152.21,152.22,152.2,152.21,6408
11/27/2019 11:30,152.17,152.225,152.17,152.21,14000
11/27/2019 11:29,152.13,152.21,152.12,152.1635,26123
11/27/2019 11:28,152.09,152.138,152.08,152.12,18148
11/27/2019 11:27,152.09,152.1297,152.075,152.08,11569
11/27/2019 11:26,152.095,152.095,152.07,152.0901,7982
11/27/2019 11:25,152.1,152.11,152.07,152.0939,11930
11/27/2019 11:24,152.07,152.095,152.04,152.095,46384
11/27/2019 11:23,152.12,152.12,152.07,152.0742,25729
11/27/2019 11:22,152.18,152.18,152.12,152.12,12446
11/27/2019 11:21,152.115,152.185,152.115,152.18,14071
11/27/2019 11:20,152.07,152.13,152.07,152.12,10343
11/27/2019 11:19,152.16,152.16,152.07,152.07,23188
11/27/2019 11:18,152.15,152.17,152.13,152.15,9088
11/27/2019 11:17,152.185,152.24,152.1586,152.1586,25284
11/27/2019 11:16,152.21,152.21,152.18,152.1802,19808
11/27/2019 11:15,152.14,152.21,152.14,152.21,20074
11/27/2019 11:14,152.05,152.15,152.04,152.135,27184
11/27/2019 11:13,152.06,152.061,152.02,152.0458,16512
11/27/2019 11:12,152.1375,152.15,152.055,152.06,26359
11/27/2019 11:11,152.06,152.14,152.06,152.13,19599
11/27/2019 11:10,152.09,152.09,152.0225,152.06,32811
11/27/2019 11:09,152.07,152.09,152,152.09,37739
11/27/2019 11:08,152.14,152.15,152.06,152.06,44191
11/27/2019 11:07,152.21,152.22,152.15,152.155,53809
11/27/2019 11:05,152.255,152.27,152.22,152.23,92720
11/27/2019 11:03,152.19,152.195,152.1443,152.155,14350
11/27/2019 11:02,152.17,152.22,152.16,152.195,26481
11/27/2019 11:01,152.09,152.2,152.09,152.165,30633
11/27/2019 11:00,152.17,152.18,152.08,152.08,37417
11/27/2019 10:59,152.17,152.2,152.16,152.16,47094
11/27/2019 10:58,152.1947,152.2,152.165,152.17,39060
11/27/2019 10:57,152.2,152.2,152.175,152.2,22213
11/27/2019 10:56,152.197,152.2,152.18,152.2,13657
11/27/2019 10:55,152.135,152.2,152.1,152.2,31362
11/27/2019 10:54,152.0758,152.14,152.0699,152.13,32555
11/27/2019 10:53,152.1,152.115,152.06,152.07,19576
11/27/2019 10:52,152.14,152.16,152.09,152.1,56733
11/27/2019 10:51,152.17,152.195,152.14,152.155,36604
11/27/2019 10:50,152.235,152.24,152.1725,152.18,16658
11/27/2019 10:49,152.19,152.27,152.18,152.235,52194
11/27/2019 10:48,152.24,152.26,152.19,152.1961,30279
11/27/2019 10:47,152.165,152.235,152.1525,152.23,38597
11/27/2019 10:46,152.125,152.16,152.12,152.16,61800
11/27/2019 10:45,152.095,152.14,152.06,152.1202,44949
11/27/2019 10:44,152.05,152.1,152,152.095,34865
11/27/2019 10:43,152.0827,152.1,152.02,152.05,32730
11/27/2019 10:42,152.0401,152.09,152.04,152.09,25004
11/27/2019 10:41,152.05,152.075,152,152.045,18090
11/27/2019 10:40,151.99,152.05,151.96,152.05,27382
11/27/2019 10:39,152.005,152.035,151.97,151.9893,23576
11/27/2019 10:38,151.99,152.05,151.985,152.005,17856
11/27/2019 10:37,151.9856,152.045,151.96,152,23065
11/27/2019 10:36,152.05,152.05,151.97,151.99,33622
11/27/2019 10:35,152.0652,152.1,152.04,152.045,17148
11/27/2019 10:34,152.09,152.1,152.03,152.07,34183
11/27/2019 10:33,152.0525,152.1,152.05,152.097,37232
11/27/2019 10:32,151.96,152.05,151.96,152.05,40593
11/27/2019 10:31,151.97,151.98,151.92,151.97,17919
11/27/2019 10:30,151.98,151.98,151.94,151.96,15454
11/27/2019 10:29,151.9836,151.985,151.9383,151.97,13316
11/27/2019 10:28,151.9498,151.98,151.94,151.9757,20773
11/27/2019 10:27,151.96,152.005,151.94,151.9405,28481
11/27/2019 10:26,151.92,151.99,151.92,151.96,38122
11/27/2019 10:25,151.855,151.93,151.84,151.93,21985
11/27/2019 10:24,151.83,151.8859,151.795,151.855,20548
11/27/2019 10:23,151.93,151.97,151.83,151.837,33313
11/27/2019 10:22,151.885,151.925,151.87,151.92,20156
11/27/2019 10:21,151.89,151.925,151.84,151.8792,38655
11/27/2019 10:20,151.95,151.95,151.8635,151.898,38761
11/27/2019 10:19,151.915,151.95,151.88,151.9468,20966
11/27/2019 10:18,151.9768,151.9768,151.89,151.92,34930
11/27/2019 10:17,151.98,152.01,151.97,151.97,40412
11/27/2019 10:16,151.935,152.01,151.935,151.98,48989
11/27/2019 10:15,151.91,151.95,151.91,151.9342,35996
11/27/2019 10:14,151.845,151.91,151.8,151.91,29373
11/27/2019 10:13,151.8059,151.87,151.8059,151.84,48669
11/27/2019 10:12,151.795,151.81,151.77,151.8,29359
11/27/2019 10:11,151.765,151.79,151.74,151.79,38292
11/27/2019 10:10,151.805,151.83,151.7658,151.7658,37393
11/27/2019 10:09,151.83,151.845,151.79,151.8001,30235
11/27/2019 10:08,151.8269,151.85,151.8,151.8253,56424
11/27/2019 10:07,151.745,151.86,151.74,151.83,39215
11/27/2019 10:06,151.69,151.7754,151.685,151.74,175215
11/27/2019 10:05,151.66,151.71,151.65,151.69,46538
11/27/2019 10:04,151.635,151.72,151.615,151.65,65181
11/27/2019 10:03,151.57,151.69,151.56,151.635,60939
11/27/2019 10:02,151.71,151.72,151.52,151.58,69256
11/27/2019 10:01,151.695,151.73,151.64,151.7,70946
11/27/2019 10:00,151.76,151.78,151.62,151.7,86835
11/27/2019 9:59,151.78,151.81,151.76,151.77,45182
11/27/2019 9:58,151.855,151.855,151.7999,151.7999,119630
11/27/2019 9:57,151.835,151.85,151.835,151.85,52572
11/27/2019 9:56,151.8553,151.8553,151.845,151.845,38316
11/27/2019 9:55,151.945,151.945,151.8515,151.8515,96409
11/27/2019 9:54,151.965,151.965,151.945,151.945,1516
11/27/2019 9:53,151.9299,151.945,151.9299,151.945,57978
11/27/2019 9:52,152.07,152.07,151.9299,151.9299,37938
11/27/2019 9:51,152.09,152.1,152.09,152.1,37876
11/27/2019 9:50,152.1,152.1,152.09,152.095,41773
11/27/2019 9:49,152.1,152.13,152.08,152.08,78094
11/27/2019 9:48,151.99,152.13,151.99,152.13,50620
11/27/2019 9:47,152.045,152.045,151.98,151.98,47104
11/27/2019 9:46,152.07,152.09,151.99,151.99,41561
11/27/2019 9:45,152.07,152.09,152.07,152.09,49130
11/27/2019 9:44,151.925,152.05,151.925,152.05,120305
11/27/2019 9:43,151.96,151.96,151.92,151.93,66927
11/27/2019 9:42,151.91,151.9766,151.91,151.9766,50305
11/27/2019 9:41,151.83,151.9341,151.83,151.9341,62586
11/27/2019 9:40,152.02,152.02,151.85,151.85,89283
11/27/2019 9:39,152.15,152.15,152.06,152.06,39558
11/27/2019 9:38,151.95,152.15,151.95,152.15,49692
11/27/2019 9:37,152.12,152.12,152.047,152.047,86587
11/27/2019 9:36,151.99,152.0548,151.99,152.0548,100696
11/27/2019 9:35,152.0801,152.0801,152,152,140670
11/27/2019 9:34,152.08,152.08,152.08,152.08,79576
11/27/2019 9:33,152.06,152.19,152.04,152.09,71415
11/27/2019 9:32,152.22,152.29,152.04,152.07,93434
11/27/2019 9:31,152.33,152.5,152.1,152.21,469113
11/26/2019 16:00,152.17,152.29,151.94,152,662307
11/26/2019 15:59,152.19,152.22,152.14,152.16,121821
11/26/2019 15:58,152.295,152.3,152.15,152.19,109658
11/26/2019 15:57,152.29,152.32,152.25,152.3081,152033
11/26/2019 15:56,152.28,152.29,152.205,152.285,126654
11/26/2019 15:55,152.34,152.35,152.25,152.27,193414
11/26/2019 15:54,152.32,152.34,152.3,152.34,62388
11/26/2019 15:53,152.29,152.34,152.29,152.32,70362
11/26/2019 15:52,152.305,152.32,152.28,152.2901,68840
11/26/2019 15:51,152.36,152.41,152.26,152.31,245818
11/26/2019 15:50,152.335,152.377,152.32,152.37,54761
11/26/2019 15:49,152.375,152.38,152.3,152.33,39956
11/26/2019 15:48,152.3301,152.4,152.33,152.38,54171
11/26/2019 15:47,152.395,152.41,152.33,152.335,59101
11/26/2019 15:46,152.365,152.4,152.35,152.3957,58395
11/26/2019 15:45,152.295,152.42,152.29,152.37,123391
11/26/2019 15:44,152.275,152.3,152.27,152.3,27273
11/26/2019 15:43,152.26,152.29,152.255,152.2743,38147
11/26/2019 15:42,152.225,152.27,152.22,152.255,32740
11/26/2019 15:41,152.26,152.265,152.215,152.225,38397
11/26/2019 15:40,152.27,152.27,152.24,152.265,36516
11/26/2019 15:39,152.25,152.277,152.25,152.2695,30547
11/26/2019 15:38,152.24,152.26,152.24,152.26,48156
11/26/2019 15:37,152.2,152.25,152.19,152.245,45322
11/26/2019 15:36,152.185,152.2,152.18,152.195,21322
11/26/2019 15:35,152.175,152.2,152.17,152.19,22672
11/26/2019 15:34,152.19,152.2,152.17,152.18,33498
11/26/2019 15:33,152.14,152.2,152.13,152.1998,45825
11/26/2019 15:32,152.125,152.14,152.1043,152.14,30836
11/26/2019 15:31,152.09,152.13,152.08,152.125,40634
11/26/2019 15:30,152.0885,152.09,152.07,152.09,18492
11/26/2019 15:29,152.0685,152.0923,152.0635,152.085,31215
11/26/2019 15:28,152.065,152.075,152.051,152.0611,17801
11/26/2019 15:27,152.025,152.075,152.0201,152.07,40341
11/26/2019 15:26,152.03,152.035,152,152.025,32862
11/26/2019 15:25,152.03,152.0378,152.02,152.03,11780
11/26/2019 15:24,152.03,152.04,152.02,152.0338,14907
11/26/2019 15:23,152.0841,152.09,152.03,152.03,61651
11/26/2019 15:22,152.07,152.09,152.065,152.09,13702
11/26/2019 15:21,152.068,152.09,152.055,152.065,28145
11/26/2019 15:20,152.05,152.07,152.04,152.06,21278
11/26/2019 15:19,152.07,152.075,152.025,152.055,29628
11/26/2019 15:18,152.05,152.08,152.05,152.075,12195
11/26/2019 15:17,152.055,152.065,152.0401,152.06,19186
11/26/2019 15:16,152.035,152.075,152.03,152.06,33930
11/26/2019 15:15,152.01,152.05,152.005,152.035,20636
11/26/2019 15:14,151.955,152.02,151.935,152.02,30447
11/26/2019 15:13,151.97,151.97,151.9301,151.95,18225
11/26/2019 15:12,151.96,151.97,151.93,151.97,22003
11/26/2019 15:11,151.97,151.98,151.95,151.96,23697
11/26/2019 15:10,151.96,151.99,151.94,151.9701,30817
11/26/2019 15:09,151.985,151.985,151.94,151.95,33091
11/26/2019 15:08,152.025,152.03,151.985,151.985,44999
11/26/2019 15:07,152.04,152.045,152.025,152.025,37581
11/26/2019 15:06,152.0885,152.0885,152.0406,152.0406,13862
11/26/2019 15:05,152.0695,152.08,152.06,152.08,12462
11/26/2019 15:04,152.06,152.09,152.0562,152.07,18306
11/26/2019 15:03,152.04,152.06,152.035,152.055,18654
11/26/2019 15:02,152.02,152.045,152.02,152.03,30373
11/26/2019 15:01,152.065,152.077,152.02,152.02,54330
11/26/2019 15:00,152.12,152.13,152.07,152.07,23294
11/26/2019 14:59,152.115,152.12,152.08,152.12,18716
11/26/2019 14:58,152.12,152.13,152.11,152.1159,15432
11/26/2019 14:57,152.13,152.13,152.105,152.1105,13773
11/26/2019 14:56,152.09,152.13,152.09,152.13,13632
11/26/2019 14:55,152.06,152.09,152.05,152.09,19805
11/26/2019 14:54,152.0672,152.08,152.04,152.06,17013
11/26/2019 14:53,152.06,152.08,152.05,152.0686,21238
11/26/2019 14:52,152.05,152.07,152.03,152.05,24619
11/26/2019 14:51,152.045,152.06,152.035,152.06,14242
11/26/2019 14:50,152.04,152.05,152.03,152.04,22607
11/26/2019 14:49,152.0499,152.05,152.03,152.05,22510
11/26/2019 14:48,152.04,152.05,152.03,152.045,29314
11/26/2019 14:47,152,152.04,152,152.04,46811
11/26/2019 14:46,151.98,152.02,151.98,152.005,27085
11/26/2019 14:45,151.97,151.99,151.9625,151.975,15323
11/26/2019 14:44,151.99,151.99,151.9655,151.975,20062
11/26/2019 14:43,151.965,151.9866,151.96,151.9866,23812
11/26/2019 14:42,151.97,151.975,151.96,151.97,14528
11/26/2019 14:41,151.95,151.9799,151.95,151.963,18377
11/26/2019 14:40,151.935,151.96,151.9338,151.9542,18617
11/26/2019 14:39,151.925,151.95,151.92,151.935,16384
11/26/2019 14:38,151.91,151.9389,151.9022,151.925,18212
11/26/2019 14:37,151.86,151.91,151.86,151.905,17596
11/26/2019 14:36,151.91,151.93,151.8643,151.8643,39630
11/26/2019 14:35,151.915,151.93,151.895,151.9,166890
11/26/2019 14:34,151.91,151.92,151.89,151.9173,19238
11/26/2019 14:33,151.915,151.92,151.8828,151.9099,20383
11/26/2019 14:32,151.93,151.9358,151.91,151.915,25790
11/26/2019 14:31,151.9601,151.98,151.935,151.935,41409
11/26/2019 14:30,151.96,151.98,151.9532,151.9633,23492
11/26/2019 14:29,151.97,151.98,151.9542,151.96,13604
11/26/2019 14:28,151.98,151.98,151.955,151.9624,10881
11/26/2019 14:27,151.965,151.98,151.96,151.97,15184
11/26/2019 14:26,151.9642,151.97,151.96,151.965,13989
11/26/2019 14:25,151.9673,151.97,151.96,151.96,9525
11/26/2019 14:24,151.975,151.9775,151.95,151.965,17029
11/26/2019 14:23,151.99,151.99,151.95,151.9701,27213
11/26/2019 14:22,151.98,152.01,151.98,151.9839,14399
11/26/2019 14:21,151.98,151.985,151.97,151.975,12103
11/26/2019 14:20,151.9741,151.985,151.9518,151.985,25618
11/26/2019 14:19,151.991,152.01,151.97,151.975,22320
11/26/2019 14:18,151.995,152.005,151.9907,151.995,16141
11/26/2019 14:17,152.005,152.005,151.99,151.995,8357
11/26/2019 14:16,152.0031,152.02,151.99,152,31669
11/26/2019 14:15,152.0069,152.01,151.995,152.01,64978
11/26/2019 14:14,152,152.01,152,152,16091
11/26/2019 14:13,151.9855,152.01,151.98,152.005,8996
11/26/2019 14:12,151.97,152,151.97,151.985,17088
11/26/2019 14:11,151.985,151.985,151.97,151.97,269264
11/26/2019 14:10,151.99,151.99,151.9615,151.984,16927
11/26/2019 14:09,152.01,152.015,151.985,151.9875,15963
11/26/2019 14:08,151.995,152.015,151.99,152.005,17209
11/26/2019 14:07,151.99,152,151.98,151.99,12468
11/26/2019 14:06,151.95,151.99,151.9455,151.9893,9871
11/26/2019 14:05,151.98,151.98,151.94,151.945,23960
11/26/2019 14:04,151.99,151.9982,151.9715,151.9859,13027
11/26/2019 14:03,151.99,152,151.98,151.9858,19297
11/26/2019 14:02,151.975,151.9957,151.97,151.9883,14603
11/26/2019 14:01,151.99,152,151.973,151.973,17138
11/26/2019 14:00,151.97,151.99,151.97,151.98,17591
11/26/2019 13:59,151.98,151.99,151.955,151.96,12796
11/26/2019 13:58,151.9769,151.995,151.97,151.9701,16062
11/26/2019 13:57,152,152,151.97,151.98,34828
11/26/2019 13:56,151.995,152.0065,151.99,151.995,20967
11/26/2019 13:55,151.99,152.01,151.99,152.005,16177
11/26/2019 13:54,151.98,152,151.98,151.9851,14349
11/26/2019 13:53,152.0069,152.01,151.98,151.98,10354
11/26/2019 13:52,151.98,152.015,151.98,152.0014,14014
11/26/2019 13:51,151.95,151.99,151.95,151.9826,10062
11/26/2019 13:50,151.965,151.97,151.94,151.95,8134
11/26/2019 13:49,151.995,151.995,151.96,151.965,16707
11/26/2019 13:48,151.975,151.995,151.97,151.995,12490
11/26/2019 13:47,151.9503,151.98,151.9301,151.97,14131
11/26/2019 13:46,152,152,151.95,151.955,20583
11/26/2019 13:45,151.96,152,151.96,151.995,10481
11/26/2019 13:44,151.9373,151.97,151.935,151.96,9293
11/26/2019 13:43,151.9142,151.94,151.9142,151.93,9172
11/26/2019 13:42,151.93,151.93,151.91,151.92,15088
11/26/2019 13:41,151.9699,151.9699,151.92,151.93,16595
11/26/2019 13:40,151.941,151.97,151.93,151.96,13183
11/26/2019 13:39,151.9548,151.96,151.92,151.955,21811
11/26/2019 13:38,151.99,152.0041,151.95,151.96,28998
11/26/2019 13:37,151.9251,152,151.9234,152,24404
11/26/2019 13:36,151.91,151.96,151.91,151.93,17266
11/26/2019 13:35,151.9301,151.94,151.905,151.91,20244
11/26/2019 13:34,151.9614,151.97,151.94,151.94,21119
11/26/2019 13:33,151.98,151.98,151.96,151.97,21647
11/26/2019 13:32,151.99,152.01,151.98,151.98,14798
11/26/2019 13:31,152.01,152.01,151.99,151.99,11881
11/26/2019 13:30,152.005,152.01,152,152.01,16692
11/26/2019 13:29,152.0142,152.02,152,152.01,21688
11/26/2019 13:28,152.028,152.03,152.005,152.02,12122
11/26/2019 13:27,152.06,152.065,152.0177,152.02,16299
11/26/2019 13:26,152.05,152.06,152.0305,152.0575,10537
11/26/2019 13:25,152.055,152.06,152.03,152.045,16160
11/26/2019 13:24,152.09,152.09,152.02,152.06,52718
11/26/2019 13:23,152.115,152.13,152.09,152.09,13195
11/26/2019 13:22,152.1,152.12,152.0875,152.1148,14435
11/26/2019 13:21,152.1137,152.1137,152.09,152.1,26011
11/26/2019 13:20,152.12,152.12,152.08,152.12,16661
11/26/2019 13:19,152.13,152.135,152.11,152.12,15180
11/26/2019 13:18,152.1413,152.15,152.12,152.135,14763
11/26/2019 13:17,152.15,152.155,152.135,152.14,11115
11/26/2019 13:16,152.13,152.17,152.13,152.15,23988
11/26/2019 13:15,152.12,152.135,152.11,152.13,14028
11/26/2019 13:14,152.1057,152.115,152.09,152.115,16162
11/26/2019 13:13,152.095,152.11,152.09,152.11,12948
11/26/2019 13:12,152.08,152.0992,152.07,152.0992,15008
11/26/2019 13:11,152.1,152.1,152.07,152.09,11430
11/26/2019 13:10,152.09,152.11,152.09,152.1,19998
11/26/2019 13:09,152.075,152.1,152.0712,152.1,25516
11/26/2019 13:08,152.065,152.08,152.064,152.08,14973
11/26/2019 13:07,152.06,152.07,152.04,152.06,50787
11/26/2019 13:06,152.045,152.07,152.03,152.06,20559
11/26/2019 13:05,152.0641,152.0641,152.04,152.0445,16278
11/26/2019 13:04,152.07,152.07,152.05,152.0631,9703
11/26/2019 13:03,152.0483,152.07,152.04,152.07,11026
11/26/2019 13:02,152.05,152.07,152.04,152.04,14309
11/26/2019 13:01,152.05,152.055,152.03,152.045,17504
11/26/2019 13:00,152,152.05,152,152.0443,14471
11/26/2019 12:59,152.03,152.03,152.01,152.01,8035
11/26/2019 12:58,152.02,152.03,152.0121,152.03,13275
11/26/2019 12:57,152.03,152.03,151.98,152.015,10565
11/26/2019 12:56,152.0001,152.045,152.0001,152.035,17652
11/26/2019 12:55,151.99,152.01,151.985,152,27532
11/26/2019 12:54,151.98,151.995,151.97,151.985,11057
11/26/2019 12:53,151.97,151.977,151.96,151.975,8794
11/26/2019 12:52,151.98,151.99,151.9601,151.965,19831
11/26/2019 12:51,151.965,151.9752,151.96,151.97,9034
11/26/2019 12:50,151.97,151.98,151.96,151.97,13705
11/26/2019 12:49,151.98,151.99,151.96,151.9657,17769
11/26/2019 12:48,151.97,151.98,151.96,151.975,7457
11/26/2019 12:47,151.97,151.985,151.9554,151.98,15903
11/26/2019 12:46,151.985,152,151.97,151.9757,10829
11/26/2019 12:45,151.9768,151.99,151.965,151.99,13988
11/26/2019 12:44,152.01,152.015,151.93,151.97,78330
11/26/2019 12:43,152.01,152.01,151.965,152,40774
11/26/2019 12:42,152.04,152.045,152,152.01,17956
11/26/2019 12:41,152.06,152.07,152.04,152.04,11426
11/26/2019 12:40,152.0752,152.1,152.0548,152.06,18934
11/26/2019 12:39,152.0907,152.1,152.07,152.075,7264
11/26/2019 12:38,152.06,152.1,152.055,152.1,16986
11/26/2019 12:37,152.055,152.07,152.045,152.0556,12144
11/26/2019 12:36,152.0542,152.06,152.04,152.05,9410
11/26/2019 12:35,152.07,152.09,152.05,152.06,14664
11/26/2019 12:34,152.09,152.09,152.075,152.08,12112
11/26/2019 12:33,152.04,152.08,152.04,152.0737,32408
11/26/2019 12:32,152.005,152.04,152,152.0357,12950
11/26/2019 12:31,152.01,152.025,151.99,152.01,14044
11/26/2019 12:30,152,152.03,152,152.02,11327
11/26/2019 12:29,151.985,152.01,151.9708,151.995,11385
11/26/2019 12:28,152.02,152.025,151.96,151.99,26536
11/26/2019 12:27,152.0404,152.0404,152,152.0244,21855
11/26/2019 12:26,152.025,152.04,152.01,152.04,10609
11/26/2019 12:25,152.03,152.035,152.0157,152.03,10564
11/26/2019 12:24,152.0129,152.04,152.01,152.035,16715
11/26/2019 12:23,152.03,152.03,151.9904,152.02,23481
11/26/2019 12:22,152.04,152.04,152.0119,152.025,16034
11/26/2019 12:21,152.015,152.04,152.015,152.0359,31299
11/26/2019 12:20,152.02,152.04,152,152.01,43775
11/26/2019 12:19,152.055,152.055,152.02,152.02,18058
11/26/2019 12:18,152.0685,152.0858,152.055,152.055,25365
11/26/2019 12:17,152.085,152.085,152.04,152.07,24587
11/26/2019 12:16,152.07,152.095,152.05,152.08,21576
11/26/2019 12:15,152.05,152.07,152.0275,152.07,22332
11/26/2019 12:14,152.04,152.05,152.03,152.0475,11323
11/26/2019 12:13,152.04,152.05,152.02,152.0341,13152
11/26/2019 12:12,152.05,152.07,152.02,152.035,22864
11/26/2019 12:11,152.04,152.06,152.03,152.05,26826
11/26/2019 12:10,152.04,152.06,152.025,152.05,16985
11/26/2019 12:09,152.02,152.04,152.01,152.04,6525
11/26/2019 12:08,151.9905,152.03,151.99,152.025,12298
11/26/2019 12:07,152,152.02,151.99,151.995,19675
11/26/2019 12:06,151.9948,152.005,151.98,151.9999,12878
11/26/2019 12:05,152.0001,152.005,151.9801,151.99,14120
11/26/2019 12:04,152.01,152.02,151.98,152,22852
11/26/2019 12:03,152.0104,152.0398,152.01,152.01,11553
11/26/2019 12:02,152.02,152.03,152.005,152.02,9022
11/26/2019 12:01,151.98,152.02,151.98,152.015,37656
11/26/2019 12:00,151.96,152,151.96,151.98,16235
11/26/2019 11:59,151.99,151.99,151.96,151.96,19847
11/26/2019 11:58,152.01,152.02,151.99,151.99,16210
11/26/2019 11:57,152.031,152.035,152.001,152.01,22260
11/26/2019 11:56,152.0478,152.05,152.025,152.03,17280
11/26/2019 11:55,152.035,152.0518,152.02,152.045,12072
11/26/2019 11:54,152.035,152.0499,152.03,152.03,37556
11/26/2019 11:52,152.04,152.06,152.01,152.0127,11691
11/26/2019 11:51,152.02,152.048,152,152.048,14163
11/26/2019 11:50,152.0067,152.02,151.99,152.02,30990
11/26/2019 11:49,152.09,152.09,152,152,20121
11/26/2019 11:48,152.0679,152.11,152.0679,152.1,24760
11/26/2019 11:47,152.045,152.07,152.0255,152.065,23933
11/26/2019 11:46,152.035,152.05,152.02,152.04,20425
11/26/2019 11:45,152.02,152.04,152.02,152.04,9505
11/26/2019 11:44,152.03,152.03,152.0028,152.024,11036
11/26/2019 11:43,152.0261,152.03,152.0132,152.025,5706
11/26/2019 11:42,152.025,152.045,152.02,152.02,9824
11/26/2019 11:41,152.035,152.035,151.99,152.02,28003
11/26/2019 11:40,152.03,152.07,152.0127,152.0334,22905
11/26/2019 11:39,152.02,152.045,152,152.02,25172
11/26/2019 11:38,151.95,152.05,151.94,152.046,32170
11/26/2019 11:37,151.94,152.08,151.9,151.96,148052
11/26/2019 11:36,151.98,152.025,151.89,151.94,99378
11/26/2019 11:35,152.035,152.0587,151.98,151.9877,40511
11/26/2019 11:34,152.06,152.0688,152.01,152.035,28069
11/26/2019 11:33,152.06,152.07,152.03,152.07,16840
11/26/2019 11:32,152.015,152.055,152.015,152.055,14562
11/26/2019 11:31,152.06,152.06,152.01,152.02,14612
11/26/2019 11:30,152.025,152.08,152.01,152.06,25122
11/26/2019 11:29,152.0655,152.08,152.0201,152.0201,27535
11/26/2019 11:28,152.1,152.1056,152.06,152.075,36932
11/26/2019 11:27,152.1,152.1,152.1,152.1,13041
11/26/2019 11:26,152.12,152.1375,152.1,152.1,37680
11/26/2019 11:24,152.15,152.17,152.1,152.1072,13383
11/26/2019 11:23,152.1,152.14,152.1,152.14,13166
11/26/2019 11:22,152.07,152.12,152.065,152.1,20442
11/26/2019 11:21,152.105,152.1058,152.06,152.06,31207
11/26/2019 11:20,152.11,152.13,152.11,152.11,20998
11/26/2019 11:19,152.125,152.145,152.11,152.12,19342
11/26/2019 11:18,152.155,152.18,152.13,152.13,21203
11/26/2019 11:17,152.15,152.17,152.135,152.1559,16294
11/26/2019 11:16,152.1799,152.1799,152.12,152.16,17926
11/26/2019 11:15,152.16,152.18,152.15,152.1725,22097
11/26/2019 11:14,152.15,152.185,152.12,152.1641,49294
11/26/2019 11:13,152.145,152.15,152.13,152.145,28129
11/26/2019 11:12,152.12,152.15,152.1144,152.15,26448
11/26/2019 11:11,152.07,152.12,152.07,152.12,18788
11/26/2019 11:10,152.12,152.12,152.0231,152.07,25040
11/26/2019 11:09,152.07,152.116,152.06,152.1109,20674
11/26/2019 11:08,152,152.08,152,152.075,31058
11/26/2019 11:07,151.99,152.01,151.99,151.9958,20062
11/26/2019 11:06,152.005,152.01,151.97,152,41299
11/26/2019 11:05,151.99,152.01,151.97,152.005,33619
11/26/2019 11:04,152.04,152.0556,151.99,151.99,32321
11/26/2019 11:03,151.98,152.045,151.98,152.045,22605
11/26/2019 11:02,151.995,152,151.96,151.975,30488
11/26/2019 11:01,151.9902,152.01,151.99,152,20742
11/26/2019 11:00,152.03,152.05,151.99,151.99,24416
11/26/2019 10:59,152.024,152.08,152.02,152.0222,37073
11/26/2019 10:58,151.985,152.025,151.98,152.025,111436
11/26/2019 10:56,151.95,151.97,151.95,151.97,9857
11/26/2019 10:55,151.93,151.968,151.9,151.94,40952
11/26/2019 10:54,151.9767,151.99,151.9234,151.938,34018
11/26/2019 10:53,152.0293,152.03,151.93,151.9764,49960
11/26/2019 10:52,152.06,152.0756,152.0201,152.03,26937
11/26/2019 10:51,152.055,152.08,152.04,152.0644,33331
11/26/2019 10:50,152.1,152.115,152.055,152.0645,47798
11/26/2019 10:49,152.09,152.11,152.05,152.1034,41175
11/26/2019 10:48,152.07,152.09,152.06,152.085,31346
11/26/2019 10:47,151.99,152.08,151.985,152.08,27430
11/26/2019 10:46,152.037,152.05,151.98,151.98,21826
11/26/2019 10:45,152.0155,152.06,152.015,152.035,32076
11/26/2019 10:44,152.045,152.05,151.99,152.0175,32561
11/26/2019 10:43,152.03,152.05,152.02,152.04,32437
11/26/2019 10:42,151.985,152.04,151.98,152.0329,29643
11/26/2019 10:41,151.92,151.99,151.92,151.99,19223
11/26/2019 10:40,151.915,151.925,151.89,151.916,18496
11/26/2019 10:39,151.9957,151.999,151.895,151.91,27899
11/26/2019 10:38,151.99,152,151.96,151.99,15234
11/26/2019 10:37,151.98,152.05,151.971,151.99,29409
11/26/2019 10:36,152,152.005,151.96,151.975,34723
11/26/2019 10:35,152,152.02,151.97,151.995,47833
11/26/2019 10:34,152.01,152.02,151.97,151.995,24087
11/26/2019 10:33,151.925,152.0145,151.9155,152.01,26000
11/26/2019 10:32,151.955,151.955,151.88,151.9209,54891
11/26/2019 10:31,151.97,152,151.9588,151.9588,37112
11/26/2019 10:30,152.06,152.07,152.01,152.01,20380
11/26/2019 10:29,152.055,152.07,152.03,152.06,17345
11/26/2019 10:28,152.07,152.13,152.045,152.05,31714
11/26/2019 10:27,152.03,152.095,152.03,152.065,28951
11/26/2019 10:26,152.0485,152.05,151.9901,152.025,45456
11/26/2019 10:25,152.02,152.07,152.02,152.045,29166
11/26/2019 10:24,152.055,152.06,152.02,152.025,20497
11/26/2019 10:23,152.0977,152.1,152.01,152.055,66089
11/26/2019 10:22,152.055,152.1,152.01,152.093,44721
11/26/2019 10:21,152.043,152.07,152.04,152.0599,28918
11/26/2019 10:20,151.93,152.06,151.93,152.05,30906
11/26/2019 10:19,151.95,151.97,151.9,151.925,35778
11/26/2019 10:18,151.92,151.95,151.895,151.94,26736
11/26/2019 10:17,151.965,151.99,151.9,151.92,57763
11/26/2019 10:16,152.02,152.03,151.945,151.96,31889
11/26/2019 10:15,152.015,152.06,152,152.02,43423
11/26/2019 10:14,152.04,152.05,151.995,152.015,34761
11/26/2019 10:13,151.97,152.05,151.96,152.04,40778
11/26/2019 10:12,151.985,151.99,151.91,151.96,50121
11/26/2019 10:11,152.01,152.01,151.97,151.9857,23255
11/26/2019 10:10,152.02,152.0275,151.95,152,51713
11/26/2019 10:09,151.94,152.04,151.89,152.025,90442
11/26/2019 10:08,151.89,151.94,151.87,151.94,44204
11/26/2019 10:07,151.8,151.898,151.75,151.898,57673
11/26/2019 10:06,151.84,151.87,151.81,151.81,49825
11/26/2019 10:05,151.855,151.86,151.81,151.85,27906
11/26/2019 10:04,151.948,151.948,151.85,151.8599,31649
11/26/2019 10:03,152.055,152.055,151.875,151.955,59388
11/26/2019 10:02,152.09,152.14,152.06,152.06,64106
11/26/2019 10:01,151.95,152.09,151.95,152.0854,80671
11/26/2019 10:00,152.04,152.07,151.94,151.94,70904
11/26/2019 9:59,151.93,152.04,151.93,152.035,62183
11/26/2019 9:58,151.98,151.98,151.9746,151.9746,51246
11/26/2019 9:57,152.02,152.02,151.97,151.97,49940
11/26/2019 9:56,151.97,152.011,151.97,152.011,59852
11/26/2019 9:55,151.915,151.965,151.915,151.965,73060
11/26/2019 9:54,151.96,151.96,151.91,151.91,41342
11/26/2019 9:53,152.0099,152.0099,152.0099,152.0099,53590
11/26/2019 9:52,151.9,151.94,151.9,151.94,64057
11/26/2019 9:51,151.85,151.88,151.85,151.88,54675
11/26/2019 9:50,151.8,151.83,151.8,151.83,38447
11/26/2019 9:49,151.76,151.815,151.725,151.815,68138
11/26/2019 9:48,151.75,151.75,151.75,151.75,24979
11/26/2019 9:47,151.68,151.6945,151.68,151.6945,67079
11/26/2019 9:46,151.74,151.74,151.68,151.68,67352
11/26/2019 9:45,151.86,151.86,151.69,151.7502,86258
11/26/2019 9:44,152.03,152.03,151.885,151.885,49124
11/26/2019 9:43,151.88,152.04,151.88,152.04,76555
11/26/2019 9:42,151.99,151.99,151.89,151.89,64952
11/26/2019 9:41,151.98,151.98,151.97,151.97,91297
11/26/2019 9:40,152.18,152.18,152.006,152.006,111901
11/26/2019 9:39,152.0475,152.13,152.0475,152.13,91358
11/26/2019 9:38,152.04,152.04,152.01,152.03,87494
11/26/2019 9:37,151.98,152.018,151.98,152.018,174282
11/26/2019 9:36,151.95,151.97,151.85,151.97,153776
11/26/2019 9:35,151.72,151.95,151.72,151.95,83879
11/26/2019 9:34,151.72,151.72,151.72,151.72,75824
11/26/2019 9:33,151.47,151.6444,151.44,151.62,116645
11/26/2019 9:32,151.55,151.57,151.46,151.49,103488
11/26/2019 9:31,151.36,151.64,151.32,151.5446,531671
11/25/2019 16:00,151.22,151.33,151.12,151.23,577145
11/25/2019 15:59,151.17,151.23,151.14,151.225,150886
11/25/2019 15:58,151.27,151.28,151.17,151.17,187663
11/25/2019 15:57,151.19,151.29,151.18,151.26,149941
11/25/2019 15:56,151.27,151.305,151.17,151.195,196535
11/25/2019 15:55,151.3,151.35,151.26,151.275,191799
11/25/2019 15:54,151.215,151.3,151.21,151.295,109737
11/25/2019 15:53,151.21,151.25,151.18,151.22,82407
11/25/2019 15:52,151.2,151.22,151.155,151.2004,120711
11/25/2019 15:51,151.03,151.2,150.99,151.2,299678
11/25/2019 15:50,151.125,151.125,151.02,151.0375,45442
11/25/2019 15:49,151.1386,151.15,151.11,151.125,44740
11/25/2019 15:48,151.035,151.15,151.035,151.135,57907
11/25/2019 15:47,151.0484,151.05,151.03,151.04,20678
11/25/2019 15:46,151.08,151.08,151.03,151.045,37711
11/25/2019 15:45,151.055,151.08,151.055,151.075,18015
11/25/2019 15:44,151.075,151.0784,151.04,151.055,52749
11/25/2019 15:43,151.0759,151.08,151.0607,151.08,47523
11/25/2019 15:42,151.105,151.105,151.07,151.08,46745
11/25/2019 15:41,151.14,151.14,151.1,151.105,43716
11/25/2019 15:40,151.105,151.14,151.1,151.135,21557
11/25/2019 15:39,151.09,151.12,151.09,151.1065,40031
11/25/2019 15:38,151.12,151.12,151.08,151.09,40976
11/25/2019 15:37,151.0735,151.12,151.07,151.12,42154
11/25/2019 15:36,151.065,151.08,151.05,151.075,36230
11/25/2019 15:35,151.085,151.0959,151.063,151.07,23315
11/25/2019 15:34,151.08,151.09,151.06,151.08,32277
11/25/2019 15:33,151.09,151.11,151.06,151.075,54639
11/25/2019 15:32,151.07,151.11,151.07,151.085,43790
11/25/2019 15:31,151.05,151.09,151.0499,151.08,68160
11/25/2019 15:30,151.025,151.05,151.0101,151.045,62009
11/25/2019 15:29,151.02,151.03,151.02,151.02,33973
11/25/2019 15:28,151.025,151.03,151.0107,151.02,28290
11/25/2019 15:27,151.0275,151.03,151.01,151.0243,25829
11/25/2019 15:26,151.015,151.04,151,151.02,44767
11/25/2019 15:25,151,151.04,151,151.015,45679
11/25/2019 15:24,151.03,151.03,150.99,151,27938
11/25/2019 15:23,151.01,151.035,151,151.03,32941
11/25/2019 15:22,151.005,151.05,150.99,151.0165,55488
11/25/2019 15:21,150.99,151.01,150.98,151.0077,39732
11/25/2019 15:20,151,151,150.98,150.99,24198
11/25/2019 15:19,150.98,151,150.98,151,24550
11/25/2019 15:18,150.97,151,150.9699,150.98,41717
11/25/2019 15:17,150.97,150.98,150.96,150.975,19363
11/25/2019 15:16,150.95,150.97,150.95,150.965,13767
11/25/2019 15:15,150.97,150.975,150.94,150.96,29088
11/25/2019 15:14,150.96,150.98,150.94,150.96,48475
11/25/2019 15:13,150.98,150.995,150.955,150.955,16914
11/25/2019 15:12,150.97,150.975,150.96,150.97,19687
11/25/2019 15:11,150.9785,150.99,150.95,150.965,21164
11/25/2019 15:10,150.97,150.98,150.96,150.9743,12223
11/25/2019 15:09,150.98,150.99,150.963,150.98,36784
11/25/2019 15:08,150.9811,150.99,150.98,150.98,9685
11/25/2019 15:07,150.985,150.99,150.97,150.985,18811
11/25/2019 15:06,150.9905,151.005,150.97,150.9878,19556
11/25/2019 15:05,150.975,151,150.96,150.995,18400
11/25/2019 15:04,150.97,150.99,150.965,150.97,30036
11/25/2019 15:03,150.95,150.98,150.94,150.97,51919
11/25/2019 15:02,150.96,150.965,150.94,150.95,14363
11/25/2019 15:01,150.95,150.97,150.94,150.969,21390
11/25/2019 15:00,150.99,151,150.96,150.96,33163
11/25/2019 14:59,150.99,150.99,150.98,150.98,17443
11/25/2019 14:58,150.975,150.995,150.96,150.99,16738
11/25/2019 14:57,150.97,150.99,150.945,150.98,33879
11/25/2019 14:56,151.0054,151.015,150.96,150.975,26014
11/25/2019 14:55,151,151.01,150.98,151.01,12959
11/25/2019 14:54,151,151.01,150.98,151,267979
11/25/2019 14:53,150.97,151,150.97,150.9977,22400
11/25/2019 14:52,150.94,150.975,150.94,150.97,57417
11/25/2019 14:51,150.9856,150.9963,150.93,150.9338,284419
11/25/2019 14:50,150.995,151.005,150.985,150.99,23804
11/25/2019 14:49,150.98,151,150.98,150.9944,26812
11/25/2019 14:48,150.9631,150.99,150.9631,150.9838,9593
11/25/2019 14:47,150.99,151,150.96,150.9643,18901
11/25/2019 14:46,150.99,151.0067,150.97,150.9801,25509
11/25/2019 14:45,150.99,151,150.97,150.9866,12094
11/25/2019 14:44,150.9844,151,150.98,150.99,13135
11/25/2019 14:43,150.99,150.995,150.98,150.9856,16597
11/25/2019 14:42,151.0064,151.01,150.99,150.995,17224
11/25/2019 14:41,151.005,151.015,150.98,151.01,16775
11/25/2019 14:40,151.0142,151.015,151,151.005,7278
11/25/2019 14:39,150.975,151.02,150.975,151.0156,23286
11/25/2019 14:38,150.9741,150.9969,150.97,150.97,16225
11/25/2019 14:37,150.955,150.985,150.94,150.975,24011
11/25/2019 14:36,151,151.01,150.95,150.95,68092
11/25/2019 14:35,151.02,151.02,150.99,151,29200
11/25/2019 14:34,151,151.02,150.98,151.02,30331
11/25/2019 14:33,150.9956,151,150.98,150.995,21315
11/25/2019 14:32,150.9879,151,150.98,151,22052
11/25/2019 14:31,150.99,151.005,150.97,150.985,53827
11/25/2019 14:30,151.02,151.02,150.99,150.99,19425
11/25/2019 14:29,151.03,151.04,150.9944,151.01,36063
11/25/2019 14:28,150.9901,151.04,150.9901,151.04,48660
11/25/2019 14:27,150.975,151.03,150.97,150.992,190146
11/25/2019 14:26,150.9798,150.98,150.96,150.975,24758
11/25/2019 14:25,150.96,150.98,150.95,150.97,25922
11/25/2019 14:24,150.955,150.96,150.94,150.9548,17330
11/25/2019 14:23,150.945,150.95,150.94,150.95,13806
11/25/2019 14:22,150.94,150.95,150.94,150.945,15444
11/25/2019 14:21,150.95,150.96,150.93,150.9499,19365
11/25/2019 14:20,150.94,150.96,150.94,150.9566,10302
11/25/2019 14:19,150.9415,150.96,150.93,150.93,13120
11/25/2019 14:18,150.95,150.955,150.94,150.95,23514
11/25/2019 14:17,150.935,150.96,150.93,150.955,17632
11/25/2019 14:16,150.925,150.935,150.91,150.93,25191
11/25/2019 14:15,150.945,150.95,150.93,150.93,29884
11/25/2019 14:14,150.915,150.95,150.91,150.94,21904
11/25/2019 14:13,150.88,150.94,150.875,150.92,30318
11/25/2019 14:12,150.88,150.9,150.86,150.8859,17600
11/25/2019 14:11,150.9064,150.91,150.88,150.88,21561
11/25/2019 14:10,150.895,150.91,150.89,150.9061,12257
11/25/2019 14:09,150.8999,150.91,150.89,150.8975,18561
11/25/2019 14:08,150.915,150.9258,150.89,150.895,15371
11/25/2019 14:07,150.92,150.93,150.91,150.92,10986
11/25/2019 14:06,150.925,150.925,150.9,150.92,17671
11/25/2019 14:05,150.925,150.94,150.91,150.925,20704
11/25/2019 14:04,150.8845,150.92,150.88,150.92,27913
11/25/2019 14:03,150.875,150.89,150.86,150.8841,11153
11/25/2019 14:02,150.89,150.89,150.86,150.8793,27501
11/25/2019 14:01,150.955,150.955,150.88,150.89,42078
11/25/2019 14:00,150.95,150.97,150.95,150.95,15771
11/25/2019 13:59,150.925,150.95,150.91,150.94,30339
11/25/2019 13:58,150.905,150.92,150.905,150.92,14705
11/25/2019 13:57,150.92,150.92,150.9,150.91,14740
11/25/2019 13:56,150.855,150.9142,150.8441,150.91,39062
11/25/2019 13:55,150.9,150.9054,150.85,150.855,44375
11/25/2019 13:54,150.875,150.91,150.875,150.91,40610
11/25/2019 13:53,150.8852,150.8856,150.86,150.8752,14686
11/25/2019 13:52,150.8703,150.89,150.87,150.8858,10843
11/25/2019 13:51,150.865,150.8885,150.8575,150.8742,26740
11/25/2019 13:50,150.85,150.8667,150.84,150.8614,17574
11/25/2019 13:49,150.835,150.86,150.835,150.8556,12174
11/25/2019 13:48,150.8458,150.85,150.82,150.835,11935
11/25/2019 13:47,150.81,150.8478,150.81,150.8478,11161
11/25/2019 13:46,150.834,150.835,150.8,150.805,15586
11/25/2019 13:45,150.845,150.845,150.81,150.83,36595
11/25/2019 13:44,150.85,150.86,150.84,150.8421,23980
11/25/2019 13:43,150.84,150.85,150.83,150.845,16592
11/25/2019 13:42,150.85,150.855,150.825,150.84,19022
11/25/2019 13:41,150.85,150.85,150.815,150.8457,19566
11/25/2019 13:40,150.815,150.85,150.815,150.845,18074
11/25/2019 13:39,150.805,150.8279,150.805,150.815,9282
11/25/2019 13:38,150.7996,150.81,150.79,150.8055,10395
11/25/2019 13:37,150.805,150.82,150.79,150.795,12339
11/25/2019 13:36,150.8072,150.82,150.795,150.8,17268
11/25/2019 13:35,150.805,150.81,150.78,150.805,20661
11/25/2019 13:34,150.8,150.81,150.795,150.8024,7375
11/25/2019 13:33,150.795,150.8,150.78,150.795,9355
11/25/2019 13:32,150.81,150.8156,150.7942,150.7942,12943
11/25/2019 13:31,150.8,150.82,150.79,150.81,14737
11/25/2019 13:30,150.81,150.81,150.78,150.7948,16943
11/25/2019 13:29,150.81,150.81,150.78,150.805,9295
11/25/2019 13:28,150.815,150.83,150.8056,150.82,17658
11/25/2019 13:27,150.82,150.83,150.81,150.82,17565
11/25/2019 13:26,150.81,150.83,150.8,150.815,12633
11/25/2019 13:25,150.785,150.82,150.77,150.815,18047
11/25/2019 13:24,150.78,150.7969,150.78,150.7865,8536
11/25/2019 13:23,150.78,150.8,150.775,150.775,10861
11/25/2019 13:22,150.79,150.8,150.77,150.78,24482
11/25/2019 13:21,150.7571,150.8,150.7571,150.795,15663
11/25/2019 13:20,150.74,150.76,150.74,150.75,13059
11/25/2019 13:19,150.7629,150.765,150.73,150.745,30003
11/25/2019 13:18,150.7556,150.77,150.75,150.7633,15305
11/25/2019 13:17,150.73,150.775,150.73,150.755,13390
11/25/2019 13:16,150.745,150.75,150.72,150.73,22401
11/25/2019 13:15,150.74,150.755,150.74,150.745,8654
11/25/2019 13:14,150.7444,150.75,150.74,150.74,16849
11/25/2019 13:13,150.72,150.74,150.71,150.74,13747
11/25/2019 13:12,150.73,150.73,150.7,150.71,18287
11/25/2019 13:11,150.74,150.749,150.72,150.725,13608
11/25/2019 13:10,150.745,150.7566,150.74,150.75,16315
11/25/2019 13:09,150.745,150.75,150.73,150.74,10571
11/25/2019 13:08,150.755,150.7698,150.74,150.745,17317
11/25/2019 13:07,150.75,150.7765,150.745,150.76,11444
11/25/2019 13:06,150.75,150.8,150.73,150.75,65502
11/25/2019 13:05,150.75,150.768,150.74,150.74,24924
11/25/2019 13:04,150.77,150.775,150.74,150.745,86235
11/25/2019 13:03,150.7546,150.785,150.74,150.77,25540
11/25/2019 13:02,150.75,150.79,150.75,150.76,21295
11/25/2019 13:01,150.78,150.8,150.75,150.755,41725
11/25/2019 13:00,150.77,150.79,150.76,150.78,8600
11/25/2019 12:59,150.74,150.77,150.74,150.7656,13626
11/25/2019 12:58,150.74,150.75,150.73,150.745,11945
11/25/2019 12:57,150.735,150.75,150.73,150.74,6946
11/25/2019 12:56,150.71,150.74,150.7,150.7301,12527
11/25/2019 12:55,150.72,150.73,150.71,150.7156,8561
11/25/2019 12:54,150.7,150.72,150.68,150.72,18741
11/25/2019 12:53,150.71,150.71,150.695,150.7027,11117
11/25/2019 12:52,150.687,150.74,150.675,150.71,15101
11/25/2019 12:51,150.69,150.7,150.67,150.6763,7533644
11/25/2019 12:50,150.69,150.69,150.69,150.69,0
11/25/2019 12:49,150.7133,150.72,150.7,150.71,10138
11/25/2019 12:48,150.7142,150.74,150.71,150.71,9108
11/25/2019 12:47,150.72,150.725,150.7011,150.72,10200
11/25/2019 12:46,150.72,150.725,150.69,150.72,13941
11/25/2019 12:45,150.735,150.75,150.7,150.71,14601
11/25/2019 12:44,150.75,150.75,150.72,150.735,11839
11/25/2019 12:43,150.755,150.7563,150.72,150.75,20721
11/25/2019 12:42,150.745,150.76,150.745,150.76,9900
11/25/2019 12:41,150.7995,150.8,150.7454,150.75,12753
11/25/2019 12:40,150.8148,150.82,150.793,150.8,26362
11/25/2019 12:39,150.805,150.82,150.8,150.8137,16290
11/25/2019 12:38,150.78,150.81,150.78,150.81,25239
11/25/2019 12:37,150.775,150.78,150.75,150.78,15763
11/25/2019 12:36,150.785,150.8,150.77,150.77,18253
11/25/2019 12:35,150.75,150.7883,150.74,150.785,16551
11/25/2019 12:34,150.786,150.79,150.74,150.745,15923
11/25/2019 12:33,150.755,150.79,150.725,150.785,17825
11/25/2019 12:32,150.78,150.78,150.7534,150.7534,9982
11/25/2019 12:31,150.7301,150.76,150.73,150.76,9852
11/25/2019 12:30,150.735,150.735,150.71,150.7344,15837
11/25/2019 12:29,150.7286,150.75,150.72,150.7304,18974
11/25/2019 12:28,150.7472,150.76,150.71,150.71,14312
11/25/2019 12:27,150.7269,150.74,150.72,150.74,13840
11/25/2019 12:26,150.725,150.74,150.7,150.725,16897
11/25/2019 12:25,150.72,150.74,150.705,150.7377,15113
11/25/2019 12:24,150.7385,150.75,150.705,150.714,27543
11/25/2019 12:23,150.7265,150.73,150.72,150.73,15103
11/25/2019 12:22,150.71,150.74,150.71,150.7205,11528
11/25/2019 12:21,150.7062,150.71,150.69,150.7,19232
11/25/2019 12:20,150.6841,150.71,150.6775,150.71,18712
11/25/2019 12:19,150.7142,150.72,150.66,150.685,49188
11/25/2019 12:18,150.735,150.76,150.715,150.715,12351
11/25/2019 12:17,150.725,150.7425,150.715,150.74,9935
11/25/2019 12:16,150.76,150.78,150.73,150.73,28285
11/25/2019 12:15,150.74,150.7685,150.73,150.7685,9433
11/25/2019 12:14,150.75,150.76,150.74,150.75,20613
11/25/2019 12:13,150.76,150.795,150.73,150.7458,30489
11/25/2019 12:12,150.77,150.78,150.75,150.76,11667
11/25/2019 12:11,150.81,150.81,150.76,150.77,26044
11/25/2019 12:10,150.785,150.8,150.77,150.8,46444
11/25/2019 12:09,150.75,150.79,150.75,150.785,20936
11/25/2019 12:08,150.7445,150.755,150.704,150.75,18528
11/25/2019 12:07,150.7763,150.7763,150.74,150.74,17864
11/25/2019 12:06,150.82,150.83,150.7742,150.784,19344
11/25/2019 12:05,150.82,150.83,150.795,150.82,27807
11/25/2019 12:04,150.82,150.83,150.8002,150.825,117037
11/25/2019 12:03,150.8,150.83,150.78,150.8267,117298
11/25/2019 12:02,150.7807,150.81,150.775,150.8,27989
11/25/2019 12:01,150.8,150.81,150.77,150.79,20546
11/25/2019 12:00,150.8,150.82,150.8,150.8,29705
11/25/2019 11:59,150.76,150.8057,150.76,150.8057,22211
11/25/2019 11:58,150.7628,150.775,150.7541,150.76,37910
11/25/2019 11:56,150.77,150.785,150.7243,150.725,28693
11/25/2019 11:55,150.82,150.825,150.77,150.77,19405
11/25/2019 11:54,150.8456,150.86,150.79,150.815,62629
11/25/2019 11:53,150.8899,150.8899,150.84,150.845,14477
11/25/2019 11:52,150.8849,150.905,150.86,150.885,21794
11/25/2019 11:51,150.91,150.92,150.875,150.89,24313
11/25/2019 11:50,150.8533,150.91,150.85,150.91,40496
11/25/2019 11:49,150.86,150.895,150.85,150.855,20988
11/25/2019 11:48,150.89,150.89,150.8457,150.86,22007
11/25/2019 11:47,150.8975,150.91,150.8701,150.88,32350
11/25/2019 11:46,150.875,150.9056,150.86,150.89,29496
11/25/2019 11:45,150.8649,150.88,150.85,150.875,15049
11/25/2019 11:44,150.87,150.8778,150.8301,150.8649,39061
11/25/2019 11:43,150.93,150.93,150.875,150.875,19972
11/25/2019 11:42,150.93,150.9379,150.91,150.93,20662
11/25/2019 11:41,150.8905,150.93,150.89,150.92,20601
11/25/2019 11:40,150.925,150.939,150.895,150.895,18864
11/25/2019 11:39,150.895,150.935,150.88,150.925,42391
11/25/2019 11:38,150.88,150.9,150.865,150.89,30609
11/25/2019 11:37,150.855,150.895,150.855,150.89,28527
11/25/2019 11:36,150.849,150.865,150.83,150.86,15931
11/25/2019 11:35,150.88,150.89,150.8401,150.85,12633
11/25/2019 11:34,150.83,150.89,150.825,150.88,36584
11/25/2019 11:33,150.8401,150.85,150.8,150.825,32577
11/25/2019 11:32,150.9,150.9,150.85,150.85,30348
11/25/2019 11:31,150.9,150.91,150.86,150.88,62848
11/25/2019 11:29,150.9557,150.96,150.92,150.92,5625
11/25/2019 11:28,150.885,150.955,150.885,150.95,39049
11/25/2019 11:27,150.88,150.88,150.86,150.88,17817
11/25/2019 11:26,150.87,150.9,150.8643,150.89,18156
11/25/2019 11:25,150.88,150.88,150.84,150.8648,24731
11/25/2019 11:24,150.92,150.93,150.87,150.8707,33774
11/25/2019 11:23,150.87,150.92,150.865,150.915,26754
11/25/2019 11:22,150.84,150.9,150.84,150.86,55045
11/25/2019 11:21,150.8315,150.847,150.8206,150.8349,16287
11/25/2019 11:20,150.81,150.85,150.81,150.83,18534
11/25/2019 11:19,150.83,150.86,150.8,150.815,34704
11/25/2019 11:18,150.855,150.875,150.83,150.835,36194
11/25/2019 11:17,150.86,150.87,150.83,150.8578,20442
11/25/2019 11:16,150.865,150.89,150.85,150.85,27810
11/25/2019 11:15,150.865,150.865,150.865,150.865,58643
11/25/2019 11:14,150.79,150.795,150.75,150.789,19770
11/25/2019 11:13,150.78,150.79,150.76,150.785,10701
11/25/2019 11:12,150.755,150.79,150.745,150.7851,20561
11/25/2019 11:11,150.785,150.8,150.73,150.76,37660
11/25/2019 11:10,150.84,150.85,150.785,150.785,21714
11/25/2019 11:09,150.81,150.85,150.81,150.847,39092
11/25/2019 11:08,150.78,150.815,150.7639,150.8028,22768
11/25/2019 11:07,150.795,150.835,150.785,150.79,30947
11/25/2019 11:06,150.75,150.79,150.75,150.79,26593
11/25/2019 11:05,150.725,150.7556,150.72,150.745,19790
11/25/2019 11:04,150.745,150.75,150.7,150.725,22692
11/25/2019 11:03,150.84,150.84,150.75,150.75,19402
11/25/2019 11:02,150.81,150.845,150.805,150.83,27519
11/25/2019 11:01,150.775,150.82,150.772,150.8125,72013
11/25/2019 11:00,150.76,150.79,150.76,150.77,22601
11/25/2019 10:59,150.75,150.7644,150.71,150.76,36799
11/25/2019 10:58,150.7749,150.78,150.74,150.75,60889
11/25/2019 10:57,150.78,150.795,150.76,150.77,31124
11/25/2019 10:56,150.78,150.78,150.76,150.78,30974
11/25/2019 10:55,150.7448,150.79,150.74,150.78,23411
11/25/2019 10:54,150.717,150.745,150.7,150.745,22358
11/25/2019 10:53,150.74,150.75,150.7,150.72,24702
11/25/2019 10:52,150.7651,150.7669,150.71,150.7312,26229
11/25/2019 10:51,150.7911,150.805,150.74,150.768,39034
11/25/2019 10:50,150.81,150.82,150.76,150.78,35237
11/25/2019 10:49,150.8475,150.865,150.8,150.8057,19667
11/25/2019 10:48,150.8,150.86,150.8,150.845,24053
11/25/2019 10:47,150.79,150.82,150.775,150.8,30842
11/25/2019 10:46,150.77,150.8,150.74,150.79,59932
11/25/2019 10:45,150.7758,150.8,150.76,150.765,46363
11/25/2019 10:44,150.7853,150.8,150.77,150.775,26872
11/25/2019 10:43,150.805,150.81,150.74,150.7842,50900
11/25/2019 10:42,150.8171,150.8325,150.8,150.82,62282
11/25/2019 10:41,150.75,150.82,150.75,150.82,72465
11/25/2019 10:40,150.6852,150.77,150.6852,150.755,53857
11/25/2019 10:39,150.7028,150.72,150.6766,150.68,42754
11/25/2019 10:38,150.715,150.72,150.69,150.7,44766
11/25/2019 10:37,150.68,150.72,150.66,150.72,50315
11/25/2019 10:36,150.635,150.69,150.63,150.68,35730
11/25/2019 10:35,150.59,150.64,150.585,150.64,22503
11/25/2019 10:34,150.61,150.62,150.58,150.58,34170
11/25/2019 10:33,150.6,150.605,150.54,150.6,33809
11/25/2019 10:32,150.57,150.618,150.5668,150.595,30971
11/25/2019 10:31,150.5216,150.59,150.52,150.58,37350
11/25/2019 10:30,150.48,150.54,150.4763,150.52,41582
11/25/2019 10:29,150.44,150.4749,150.41,150.4749,39980
11/25/2019 10:28,150.47,150.47,150.42,150.4325,15747
11/25/2019 10:27,150.4334,150.5,150.431,150.4445,41567
11/25/2019 10:26,150.445,150.485,150.43,150.43,34156
11/25/2019 10:25,150.4406,150.46,150.41,150.445,21889
11/25/2019 10:24,150.385,150.445,150.385,150.445,34386
11/25/2019 10:23,150.3658,150.4,150.3243,150.3855,26774
11/25/2019 10:22,150.3452,150.41,150.32,150.37,35609
11/25/2019 10:21,150.38,150.39,150.3,150.3451,48252
11/25/2019 10:20,150.4255,150.43,150.34,150.37,40502
11/25/2019 10:19,150.4915,150.52,150.42,150.43,24706
11/25/2019 10:18,150.45,150.5,150.385,150.4981,39234
11/25/2019 10:17,150.49,150.52,150.45,150.455,48081
11/25/2019 10:16,150.5191,150.53,150.43,150.49,31210
11/25/2019 10:15,150.5,150.56,150.48,150.52,29810
11/25/2019 10:14,150.52,150.535,150.485,150.5,22989
11/25/2019 10:13,150.545,150.55,150.44,150.53,44563
11/25/2019 10:12,150.565,150.61,150.54,150.55,30878
11/25/2019 10:11,150.645,150.67,150.57,150.57,37975
11/25/2019 10:10,150.55,150.65,150.55,150.65,50721
11/25/2019 10:09,150.51,150.57,150.5,150.5541,28922
11/25/2019 10:08,150.5631,150.59,150.51,150.51,39408
11/25/2019 10:07,150.51,150.59,150.51,150.56,33619
11/25/2019 10:06,150.5003,150.55,150.485,150.5073,23903
11/25/2019 10:05,150.495,150.5779,150.49,150.51,39029
11/25/2019 10:04,150.5101,150.56,150.4818,150.5,33609
11/25/2019 10:03,150.545,150.57,150.515,150.52,18987
11/25/2019 10:02,150.5638,150.58,150.49,150.545,31840
11/25/2019 10:01,150.65,150.67,150.58,150.58,34891
11/25/2019 10:00,150.58,150.67,150.57,150.64,35431
11/25/2019 9:59,150.57,150.59,150.54,150.57,22778
11/25/2019 9:58,150.67,150.67,150.54,150.54,62817
11/25/2019 9:57,150.77,150.77,150.6832,150.6832,30832
11/25/2019 9:56,150.76,150.76,150.7499,150.7499,131975
11/25/2019 9:55,150.6459,150.72,150.6459,150.72,45633
11/25/2019 9:54,150.6599,150.6599,150.65,150.65,36705
11/25/2019 9:53,150.6659,150.6659,150.65,150.65,32160
11/25/2019 9:52,150.61,150.6798,150.61,150.63,66019
11/25/2019 9:51,150.5,150.6014,150.5,150.6014,53172
11/25/2019 9:50,150.4758,150.48,150.47,150.48,32355
11/25/2019 9:49,150.486,150.495,150.47,150.47,38946
11/25/2019 9:48,150.52,150.52,150.515,150.515,26992
11/25/2019 9:47,150.54,150.54,150.51,150.51,76443
11/25/2019 9:46,150.51,150.53,150.51,150.53,171657
11/25/2019 9:45,150.41,150.46,150.41,150.46,63847
11/25/2019 9:44,150.3692,150.39,150.3692,150.39,48531
11/25/2019 9:43,150.46,150.4741,150.38,150.38,72128
11/25/2019 9:42,150.5,150.5,150.4501,150.4501,56390
11/25/2019 9:41,150.53,150.5699,150.52,150.52,148051
11/25/2019 9:40,150.56,150.56,150.5,150.5,4245
11/25/2019 9:39,150.6,150.6058,150.53,150.53,76240
11/25/2019 9:38,150.595,150.6,150.595,150.6,71394
11/25/2019 9:37,150.53,150.6,150.53,150.6,81015
11/25/2019 9:36,150.36,150.495,150.36,150.495,67394
11/25/2019 9:35,150.4273,150.4273,150.39,150.39,83759
11/25/2019 9:34,150.3957,150.3957,150.3957,150.3957,140578
11/25/2019 9:33,150.48,150.52,150.48,150.52,247721
11/25/2019 9:31,150,150.22,149.92,150.2,557725
11/22/2019 16:00,149.48,149.66,149.47,149.63,485962
11/22/2019 15:59,149.5056,149.51,149.46,149.475,95819
11/22/2019 15:58,149.47,149.53,149.46,149.505,94937
11/22/2019 15:57,149.44,149.5,149.44,149.475,80356
11/22/2019 15:56,149.5,149.54,149.43,149.445,101937
11/22/2019 15:55,149.455,149.52,149.42,149.5,129688
11/22/2019 15:54,149.48,149.49,149.44,149.452,42744
11/22/2019 15:53,149.415,149.4758,149.395,149.4758,69730
11/22/2019 15:52,149.38,149.4402,149.37,149.41,96078
11/22/2019 15:51,149.32,149.38,149.26,149.3784,101423
11/22/2019 15:50,149.37,149.37,149.25,149.31,79214
11/22/2019 15:49,149.39,149.4,149.345,149.36,31348
11/22/2019 15:48,149.395,149.395,149.37,149.3826,18016
11/22/2019 15:47,149.39,149.4,149.37,149.395,26846
11/22/2019 15:46,149.3844,149.39,149.3627,149.38,22888
11/22/2019 15:45,149.38,149.42,149.37,149.38,41478
11/22/2019 15:44,149.38,149.39,149.36,149.3763,31643
11/22/2019 15:43,149.415,149.415,149.37,149.38,26837
11/22/2019 15:42,149.47,149.47,149.41,149.41,14723
11/22/2019 15:41,149.43,149.47,149.41,149.47,53066
11/22/2019 15:40,149.42,149.45,149.41,149.435,33296
11/22/2019 15:39,149.46,149.47,149.41,149.415,24386
11/22/2019 15:38,149.5,149.5071,149.45,149.47,31352
11/22/2019 15:37,149.5,149.515,149.49,149.4925,20575
11/22/2019 15:36,149.49,149.5251,149.48,149.5048,22449
11/22/2019 15:35,149.52,149.53,149.4802,149.49,28939
11/22/2019 15:34,149.535,149.54,149.52,149.5273,18173
11/22/2019 15:33,149.533,149.55,149.53,149.5345,23826
11/22/2019 15:32,149.515,149.55,149.51,149.54,26231
11/22/2019 15:31,149.49,149.5199,149.48,149.5199,34407
11/22/2019 15:30,149.4852,149.51,149.48,149.5,22903
11/22/2019 15:29,149.475,149.49,149.46,149.49,17219
11/22/2019 15:28,149.4826,149.49,149.46,149.4801,20163
11/22/2019 15:27,149.45,149.485,149.44,149.48,10077
11/22/2019 15:26,149.47,149.49,149.45,149.45,16492
11/22/2019 15:25,149.47,149.475,149.44,149.465,19434
11/22/2019 15:24,149.47,149.485,149.46,149.475,12427
11/22/2019 15:23,149.463,149.49,149.46,149.47,14404
11/22/2019 15:22,149.45,149.4855,149.44,149.47,15204
11/22/2019 15:21,149.48,149.4852,149.45,149.4541,20387
11/22/2019 15:20,149.5,149.51,149.46,149.48,30851
11/22/2019 15:19,149.47,149.52,149.4697,149.5,14987
11/22/2019 15:18,149.45,149.4763,149.44,149.4759,13318
11/22/2019 15:17,149.5,149.5,149.4505,149.455,34839
11/22/2019 15:16,149.515,149.52,149.47,149.49,28271
11/22/2019 15:15,149.52,149.5271,149.51,149.516,8976
11/22/2019 15:14,149.5218,149.53,149.51,149.515,10412
11/22/2019 15:13,149.4958,149.53,149.49,149.525,15950
11/22/2019 15:12,149.53,149.53,149.48,149.493,30245
11/22/2019 15:11,149.5,149.52,149.5,149.52,12076
11/22/2019 15:10,149.4855,149.51,149.48,149.5032,21434
11/22/2019 15:09,149.43,149.48,149.43,149.48,40502
11/22/2019 15:08,149.42,149.435,149.41,149.435,113321
11/22/2019 15:07,149.4,149.42,149.38,149.415,12662
11/22/2019 15:06,149.39,149.4067,149.35,149.395,29751
11/22/2019 15:05,149.3801,149.3999,149.37,149.3901,20398
11/22/2019 15:04,149.41,149.4186,149.39,149.39,28289
11/22/2019 15:03,149.41,149.42,149.39,149.42,43671
11/22/2019 15:02,149.45,149.46,149.4031,149.41,44102
11/22/2019 15:01,149.44,149.47,149.435,149.4457,22220
11/22/2019 15:00,149.42,149.45,149.42,149.44,19122
11/22/2019 14:59,149.41,149.425,149.4,149.415,31778
11/22/2019 14:58,149.4151,149.44,149.4,149.4,17320
11/22/2019 14:57,149.4028,149.435,149.4,149.42,16560
11/22/2019 14:56,149.425,149.4327,149.4,149.405,15676
11/22/2019 14:55,149.45,149.47,149.41,149.42,23668
11/22/2019 14:54,149.44,149.45,149.4142,149.44,12566
11/22/2019 14:53,149.445,149.4499,149.41,149.44,16421
11/22/2019 14:52,149.42,149.45,149.41,149.446,19500
11/22/2019 14:51,149.4655,149.4655,149.42,149.4242,14194
11/22/2019 14:50,149.43,149.47,149.43,149.46,30795
11/22/2019 14:49,149.395,149.43,149.3915,149.42,14591
11/22/2019 14:48,149.42,149.42,149.3925,149.3997,22164
11/22/2019 14:47,149.39,149.42,149.39,149.415,19924
11/22/2019 14:46,149.34,149.39,149.31,149.38,18132
11/22/2019 14:45,149.31,149.345,149.29,149.34,20878
11/22/2019 14:44,149.3,149.32,149.3,149.31,14950
11/22/2019 14:43,149.23,149.315,149.23,149.2957,25664
11/22/2019 14:42,149.26,149.26,149.21,149.2358,31889
11/22/2019 14:41,149.26,149.27,149.24,149.26,25060
11/22/2019 14:40,149.24,149.27,149.24,149.26,23017
11/22/2019 14:39,149.25,149.255,149.24,149.24,16628
11/22/2019 14:38,149.2587,149.26,149.23,149.254,22754
11/22/2019 14:37,149.25,149.26,149.22,149.255,53273
11/22/2019 14:36,149.21,149.25,149.21,149.2431,20264
11/22/2019 14:35,149.23,149.2301,149.2,149.2,17775
11/22/2019 14:34,149.18,149.23,149.18,149.2287,16045
11/22/2019 14:33,149.18,149.19,149.17,149.17,10954
11/22/2019 14:32,149.115,149.17,149.11,149.17,9318
11/22/2019 14:31,149.135,149.1365,149.1,149.115,11370
11/22/2019 14:30,149.13,149.15,149.12,149.13,16977
11/22/2019 14:29,149.15,149.17,149.14,149.14,18008
11/22/2019 14:28,149.175,149.18,149.15,149.1661,16585
11/22/2019 14:27,149.175,149.18,149.17,149.175,11932
11/22/2019 14:26,149.15,149.17,149.15,149.17,13361
11/22/2019 14:25,149.1543,149.17,149.13,149.15,38495
11/22/2019 14:24,149.1799,149.1799,149.15,149.155,12470
11/22/2019 14:23,149.2288,149.2288,149.1675,149.1742,27778
11/22/2019 14:22,149.21,149.26,149.21,149.225,10561
11/22/2019 14:21,149.2,149.21,149.17,149.21,36964
11/22/2019 14:20,149.22,149.23,149.195,149.205,28047
11/22/2019 14:19,149.23,149.23,149.21,149.211,7873
11/22/2019 14:18,149.2265,149.238,149.2,149.23,7850
11/22/2019 14:17,149.23,149.24,149.2255,149.23,5210
11/22/2019 14:16,149.23,149.23,149.195,149.23,20868
11/22/2019 14:15,149.23,149.24,149.21,149.24,6404
11/22/2019 14:14,149.23,149.23,149.19,149.23,28593
11/22/2019 14:13,149.295,149.295,149.23,149.2332,22263
11/22/2019 14:12,149.31,149.31,149.26,149.29,14531
11/22/2019 14:11,149.308,149.31,149.27,149.3091,30026
11/22/2019 14:10,149.315,149.32,149.3,149.31,9885
11/22/2019 14:09,149.31,149.325,149.31,149.31,9327
11/22/2019 14:08,149.295,149.32,149.29,149.32,11530
11/22/2019 14:07,149.285,149.3,149.28,149.29,11929
11/22/2019 14:06,149.3,149.3,149.28,149.2836,8594
11/22/2019 14:05,149.29,149.33,149.28,149.2999,10902
11/22/2019 14:04,149.3,149.32,149.285,149.285,5751
11/22/2019 14:03,149.285,149.32,149.28,149.3,14128
11/22/2019 14:02,149.28,149.29,149.2,149.28,34357
11/22/2019 14:01,149.335,149.34,149.2664,149.29,13797
11/22/2019 14:00,149.37,149.38,149.33,149.34,16220
11/22/2019 13:59,149.315,149.37,149.315,149.37,40802
11/22/2019 13:58,149.27,149.3023,149.26,149.3023,7210
11/22/2019 13:57,149.245,149.282,149.24,149.282,13668
11/22/2019 13:56,149.235,149.26,149.21,149.245,16241
11/22/2019 13:55,149.235,149.26,149.2269,149.2384,9439
11/22/2019 13:54,149.245,149.25,149.23,149.24,7325
11/22/2019 13:53,149.28,149.3,149.24,149.25,16269
11/22/2019 13:52,149.2365,149.275,149.23,149.27,12488
11/22/2019 13:51,149.28,149.29,149.21,149.23,45995
11/22/2019 13:50,149.38,149.38,149.28,149.29,28117
11/22/2019 13:49,149.425,149.43,149.39,149.39,11765
11/22/2019 13:48,149.4351,149.445,149.4101,149.42,13483
11/22/2019 13:47,149.43,149.45,149.42,149.4362,11995
11/22/2019 13:46,149.405,149.44,149.405,149.435,16342
11/22/2019 13:45,149.385,149.4049,149.3733,149.4,10439
11/22/2019 13:44,149.375,149.39,149.3713,149.39,8636
11/22/2019 13:43,149.3515,149.39,149.34,149.37,30740
11/22/2019 13:42,149.37,149.3784,149.35,149.36,14384
11/22/2019 13:41,149.37,149.3925,149.3644,149.3701,18117
11/22/2019 13:40,149.36,149.38,149.35,149.375,7449
11/22/2019 13:39,149.365,149.3773,149.34,149.37,17437
11/22/2019 13:38,149.37,149.4,149.3542,149.3755,18784
11/22/2019 13:37,149.385,149.39,149.37,149.37,6321
11/22/2019 13:36,149.38,149.39,149.35,149.39,9806
11/22/2019 13:35,149.3773,149.385,149.36,149.38,9364
11/22/2019 13:34,149.4145,149.42,149.37,149.37,6998
11/22/2019 13:33,149.38,149.415,149.37,149.41,16170
11/22/2019 13:32,149.43,149.43,149.37,149.38,32706
11/22/2019 13:31,149.42,149.43,149.4156,149.43,12847
11/22/2019 13:30,149.41,149.42,149.405,149.42,7757
11/22/2019 13:29,149.4241,149.43,149.4,149.405,7344
11/22/2019 13:28,149.44,149.46,149.4233,149.4245,15514
11/22/2019 13:27,149.4569,149.48,149.4266,149.43,20570
11/22/2019 13:26,149.454,149.47,149.45,149.455,9332
11/22/2019 13:25,149.4367,149.46,149.43,149.4585,11410
11/22/2019 13:24,149.445,149.455,149.43,149.4378,11882
11/22/2019 13:23,149.43,149.45,149.429,149.445,9155
11/22/2019 13:22,149.4,149.44,149.3911,149.44,13485
11/22/2019 13:21,149.42,149.445,149.4,149.4,9310
11/22/2019 13:20,149.4049,149.42,149.4,149.41,10376
11/22/2019 13:19,149.41,149.4251,149.4,149.41,12882
11/22/2019 13:18,149.4,149.41,149.39,149.41,15457
11/22/2019 13:17,149.42,149.4227,149.37,149.39,18908
11/22/2019 13:16,149.445,149.45,149.4,149.42,17401
11/22/2019 13:15,149.4455,149.46,149.445,149.445,9114
11/22/2019 13:14,149.4559,149.4651,149.425,149.44,12864
11/22/2019 13:13,149.43,149.4587,149.42,149.4587,10515
11/22/2019 13:12,149.47,149.48,149.44,149.44,11475
11/22/2019 13:11,149.4557,149.47,149.415,149.46,13043
11/22/2019 13:10,149.42,149.4501,149.42,149.4501,14424
11/22/2019 13:09,149.44,149.44,149.41,149.41,10093
11/22/2019 13:08,149.42,149.445,149.41,149.44,13926
11/22/2019 13:07,149.41,149.43,149.39,149.4203,15683
11/22/2019 13:06,149.44,149.45,149.4,149.41,18731
11/22/2019 13:05,149.42,149.44,149.42,149.44,17607
11/22/2019 13:04,149.4113,149.445,149.41,149.43,45837
11/22/2019 13:03,149.36,149.42,149.36,149.41,19475
11/22/2019 13:02,149.33,149.36,149.3222,149.36,11568
11/22/2019 13:01,149.35,149.35,149.31,149.33,16763
11/22/2019 13:00,149.34,149.35,149.33,149.35,19490
11/22/2019 12:59,149.345,149.35,149.305,149.33,27213
11/22/2019 12:58,149.3766,149.3766,149.34,149.345,9709
11/22/2019 12:57,149.34,149.39,149.3343,149.3766,16463
11/22/2019 12:56,149.35,149.3556,149.3319,149.34,9702
11/22/2019 12:55,149.37,149.37,149.34,149.3582,10688
11/22/2019 12:54,149.35,149.3849,149.35,149.37,17665
11/22/2019 12:53,149.3372,149.35,149.31,149.35,19477
11/22/2019 12:52,149.3,149.3465,149.29,149.3335,13208
11/22/2019 12:51,149.3,149.33,149.295,149.2992,17471
11/22/2019 12:50,149.31,149.31,149.28,149.29,8611
11/22/2019 12:49,149.265,149.32,149.265,149.31,13597
11/22/2019 12:48,149.27,149.28,149.25,149.26,10524
11/22/2019 12:47,149.2375,149.28,149.23,149.27,8204
11/22/2019 12:46,149.24,149.25,149.2142,149.22,11322
11/22/2019 12:45,149.2298,149.27,149.2264,149.24,5513
11/22/2019 12:44,149.26,149.2635,149.21,149.22,9565
11/22/2019 12:43,149.245,149.27,149.24,149.2544,6713
11/22/2019 12:42,149.29,149.29,149.2403,149.25,11374
11/22/2019 12:41,149.22,149.29,149.22,149.29,15094
11/22/2019 12:40,149.25,149.27,149.22,149.22,12744
11/22/2019 12:39,149.2654,149.29,149.255,149.259,15215
11/22/2019 12:38,149.199,149.27,149.191,149.2654,16775
11/22/2019 12:37,149.19,149.2,149.15,149.1997,14793
11/22/2019 12:36,149.1999,149.1999,149.16,149.18,8814
11/22/2019 12:35,149.2,149.225,149.1949,149.195,9659
11/22/2019 12:34,149.2,149.23,149.18,149.205,9063
11/22/2019 12:33,149.21,149.23,149.18,149.18,25744
11/22/2019 12:32,149.18,149.22,149.18,149.21,7194
11/22/2019 12:31,149.16,149.22,149.1544,149.17,19416
11/22/2019 12:30,149.2,149.2,149.145,149.155,24249
11/22/2019 12:29,149.23,149.24,149.1927,149.1927,5965
11/22/2019 12:28,149.22,149.24,149.1927,149.2227,18027
11/22/2019 12:27,149.27,149.27,149.21,149.21,16083
11/22/2019 12:26,149.27,149.29,149.26,149.2651,8811
11/22/2019 12:25,149.29,149.3,149.25,149.28,16359
11/22/2019 12:24,149.27,149.3,149.27,149.29,20614
11/22/2019 12:23,149.22,149.27,149.21,149.2658,18522
11/22/2019 12:22,149.21,149.24,149.21,149.2134,9162
11/22/2019 12:21,149.165,149.22,149.165,149.205,16599
11/22/2019 12:20,149.22,149.225,149.1532,149.1619,21423
11/22/2019 12:19,149.13,149.22,149.12,149.215,24595
11/22/2019 12:18,149.055,149.13,149.055,149.13,14571
11/22/2019 12:17,149.07,149.07,149.03,149.055,26125
11/22/2019 12:16,149.07,149.095,149.05,149.07,26142
11/22/2019 12:15,149.08,149.1,149.06,149.065,10867
11/22/2019 12:14,149.1,149.1223,149.07,149.075,23994
11/22/2019 12:13,149.145,149.15,149.1,149.1,23950
11/22/2019 12:12,149.145,149.16,149.13,149.14,17813
11/22/2019 12:11,149.1441,149.17,149.14,149.14,17369
11/22/2019 12:10,149.12,149.1561,149.115,149.14,19771
11/22/2019 12:09,149.09,149.13,149.085,149.12,16409
11/22/2019 12:08,149.08,149.11,149.06,149.0758,29170
11/22/2019 12:07,149.07,149.09,149.0699,149.08,17836
11/22/2019 12:06,149.11,149.11,149.045,149.0706,26278
11/22/2019 12:05,149.08,149.1,149.06,149.1,28521
11/22/2019 12:04,149.11,149.13,149.085,149.085,24935
11/22/2019 12:03,149.11,149.138,149.09,149.125,34507
11/22/2019 12:02,149.165,149.17,149.11,149.115,33756
11/22/2019 12:01,149.19,149.19,149.16,149.165,15213
11/22/2019 12:00,149.25,149.26,149.19,149.19,13826
11/22/2019 11:59,149.33,149.3359,149.25,149.25,23101
11/22/2019 11:58,149.325,149.34,149.3101,149.335,9426
11/22/2019 11:57,149.32,149.35,149.315,149.32,10750
11/22/2019 11:56,149.3307,149.37,149.31,149.31,15462
11/22/2019 11:55,149.365,149.395,149.31,149.33,25686
11/22/2019 11:54,149.3843,149.39,149.345,149.36,25231
11/22/2019 11:53,149.37,149.41,149.36,149.385,21871
11/22/2019 11:52,149.36,149.37,149.34,149.365,21664
11/22/2019 11:51,149.36,149.365,149.31,149.36,46582
11/22/2019 11:50,149.34,149.39,149.335,149.36,28821
11/22/2019 11:49,149.31,149.34,149.31,149.34,16111
11/22/2019 11:48,149.28,149.32,149.27,149.31,29321
11/22/2019 11:47,149.27,149.29,149.26,149.28,25816
11/22/2019 11:46,149.2533,149.285,149.24,149.27,20638
11/22/2019 11:45,149.2359,149.2655,149.23,149.25,15672
11/22/2019 11:44,149.27,149.27,149.23,149.24,14839
11/22/2019 11:43,149.27,149.28,149.24,149.27,21005
11/22/2019 11:42,149.28,149.29,149.25,149.27,16007
11/22/2019 11:41,149.26,149.305,149.26,149.28,16675
11/22/2019 11:40,149.28,149.3,149.24,149.25,31371
11/22/2019 11:39,149.255,149.29,149.25,149.28,17334
11/22/2019 11:38,149.245,149.265,149.22,149.25,35243
11/22/2019 11:37,149.24,149.25,149.21,149.245,13987
11/22/2019 11:36,149.195,149.255,149.195,149.24,28927
11/22/2019 11:35,149.22,149.24,149.19,149.2,12437
11/22/2019 11:34,149.18,149.24,149.18,149.22,30691
11/22/2019 11:33,149.193,149.195,149.1559,149.18,12277
11/22/2019 11:32,149.18,149.2,149.1707,149.2,25774
11/22/2019 11:31,149.16,149.2,149.12,149.17,43404
11/22/2019 11:30,149.1451,149.165,149.13,149.15,23098
11/22/2019 11:29,149.17,149.17,149.1303,149.14,39135
11/22/2019 11:28,149.15,149.18,149.13,149.1694,19794
11/22/2019 11:27,149.142,149.17,149.125,149.145,19763
11/22/2019 11:26,149.12,149.17,149.105,149.135,25238
11/22/2019 11:25,149.085,149.13,149.08,149.125,12068
11/22/2019 11:24,149.0701,149.11,149.07,149.085,19081
11/22/2019 11:23,149.09,149.0902,149.03,149.07,38145
11/22/2019 11:22,149.08,149.14,149.06,149.1,19913
11/22/2019 11:21,149,149.09,149,149.085,26317
11/22/2019 11:20,149.015,149.03,148.98,148.99,29997
11/22/2019 11:19,149.07,149.07,149,149.02,25713
11/22/2019 11:18,149.1851,149.1851,149.07,149.07,23014
11/22/2019 11:17,149.145,149.19,149.14,149.187,32465
11/22/2019 11:16,149.055,149.16,149.055,149.14,48142
11/22/2019 11:15,149.055,149.06,149.0042,149.053,25472
11/22/2019 11:14,149.05,149.06,148.98,149.04,27439
11/22/2019 11:13,149.04,149.05,148.98,149.05,136369
11/22/2019 11:12,149.1401,149.18,149.05,149.05,38721
11/22/2019 11:11,149.065,149.1544,149.065,149.145,29627
11/22/2019 11:10,149.01,149.12,149,149.045,67942
11/22/2019 11:09,148.93,149.02,148.92,149.01,26532
11/22/2019 11:08,148.9,148.9472,148.89,148.92,26935
11/22/2019 11:07,148.92,148.92,148.82,148.9,46153
11/22/2019 11:06,148.97,148.975,148.8419,148.9215,67141
11/22/2019 11:05,148.89,148.975,148.8321,148.965,52682
11/22/2019 11:04,149,149,148.87,148.8955,91501
11/22/2019 11:03,149.08,149.08,148.99,149.01,28769
11/22/2019 11:02,149.075,149.11,149.05,149.1,25959
11/22/2019 11:01,149.05,149.165,149.01,149.08,49074
11/22/2019 11:00,149.08,149.12,149.06,149.06,48935
11/22/2019 10:59,149.05,149.085,149.03,149.07,16509
11/22/2019 10:58,149.0083,149.06,148.99,149.04,21005
11/22/2019 10:57,148.98,149.0316,148.97,149.0085,27145
11/22/2019 10:56,148.95,149.02,148.91,148.985,35644
11/22/2019 10:55,148.96,148.99,148.88,148.9565,67202
11/22/2019 10:54,149.1482,149.1683,148.93,148.97,138274
11/22/2019 10:53,149.15,149.165,149.08,149.15,22932
11/22/2019 10:52,149.09,149.17,149.0834,149.1541,25426
11/22/2019 10:51,149.17,149.175,149.07,149.08,56679
11/22/2019 10:50,149.13,149.21,149.11,149.18,21183
11/22/2019 10:49,149.16,149.1799,149.11,149.13,23607
11/22/2019 10:48,149.25,149.25,149.16,149.165,24083
11/22/2019 10:47,149.275,149.295,149.23,149.25,33617
11/22/2019 10:46,149.29,149.29,149.21,149.27,49627
11/22/2019 10:45,149.3,149.32,149.24,149.2981,44087
11/22/2019 10:44,149.1899,149.3,149.17,149.2985,24498
11/22/2019 10:43,149.24,149.25,149.16,149.18,36455
11/22/2019 10:42,149.16,149.26,149.15,149.239,48408
11/22/2019 10:41,149.06,149.1583,149.04,149.15,33523
11/22/2019 10:40,149.14,149.14,149.02,149.059,51979
11/22/2019 10:39,149.08,149.1571,149.08,149.1366,40377
11/22/2019 10:38,149.2,149.2162,149.07,149.08,57396
11/22/2019 10:37,149.12,149.22,149.12,149.2072,38448
11/22/2019 10:36,149.205,149.24,149.13,149.135,41253
11/22/2019 10:35,149.25,149.25,149.11,149.205,62634
11/22/2019 10:34,149.41,149.41,149.25,149.26,43843
11/22/2019 10:33,149.41,149.445,149.36,149.415,79033
11/22/2019 10:32,149.37,149.45,149.345,149.4102,31228
11/22/2019 10:31,149.42,149.42,149.28,149.3702,56472
11/22/2019 10:30,149.5561,149.5764,149.41,149.425,43007
11/22/2019 10:29,149.715,149.72,149.5401,149.55,54833
11/22/2019 10:28,149.74,149.755,149.67,149.72,34215
11/22/2019 10:27,149.7603,149.765,149.66,149.73,26021
11/22/2019 10:26,149.6947,149.8,149.68,149.76,52394
11/22/2019 10:25,149.675,149.69,149.645,149.68,28712
11/22/2019 10:24,149.66,149.67,149.63,149.67,26732
11/22/2019 10:23,149.68,149.68,149.63,149.67,19687
11/22/2019 10:22,149.665,149.735,149.65,149.69,24790
11/22/2019 10:21,149.54,149.67,149.49,149.66,94075
11/22/2019 10:20,149.63,149.67,149.5312,149.54,217709
11/22/2019 10:19,149.71,149.71,149.62,149.63,37902
11/22/2019 10:18,149.82,149.86,149.71,149.71,34809
11/22/2019 10:17,149.76,149.83,149.76,149.82,38922
11/22/2019 10:16,149.71,149.755,149.665,149.745,32061
11/22/2019 10:15,149.6841,149.75,149.6808,149.71,54005
11/22/2019 10:14,149.6501,149.687,149.63,149.68,19375
11/22/2019 10:13,149.68,149.73,149.62,149.65,46786
11/22/2019 10:12,149.62,149.6944,149.6,149.68,27570
11/22/2019 10:11,149.6172,149.63,149.57,149.61,41838
11/22/2019 10:10,149.66,149.66,149.57,149.615,37580
11/22/2019 10:09,149.67,149.715,149.65,149.6601,22862
11/22/2019 10:08,149.67,149.68,149.61,149.6658,39329
11/22/2019 10:07,149.69,149.698,149.65,149.6651,22320
11/22/2019 10:06,149.7076,149.73,149.65,149.69,61214
11/22/2019 10:05,149.76,149.76,149.7133,149.715,49997
11/22/2019 10:04,149.7922,149.794,149.75,149.76,24351