time,MACD,MACD_Hist,MACD_Signal
2019-11-29 13:01,0.0210,0.0065,0.0145
2019-11-29 13:00,0.0183,0.0054,0.0129
2019-11-29 12:59,0.0165,0.0050,0.0115
2019-11-29 12:58,0.0156,0.0054,0.0103
2019-11-29 12:57,0.0153,0.0063,0.0089
2019-11-29 12:56,0.0135,0.0062,0.0073
2019-11-29 12:55,0.0116,0.0059,0.0058
2019-11-29 12:54,0.0091,0.0047,0.0043
2019-11-29 12:53,0.0046,0.0015,0.0031
2019-11-29 12:52,0.0035,0.0007,0.0028
2019-11-29 12:51,0.0010,-0.0016,0.0026
2019-11-29 12:50,0.0023,-0.0007,0.0030
2019-11-29 12:49,0.0019,-0.0012,0.0032
2019-11-29 12:48,0.0025,-0.0010,0.0035
2019-11-29 12:47,0.0031,-0.0006,0.0037
2019-11-29 12:46,0.0049,0.0010,0.0039
2019-11-29 12:45,0.0091,0.0055,0.0036
2019-11-29 12:44,0.0119,0.0096,0.0022
2019-11-29 12:43,0.0101,0.0103,-0.0002
2019-11-29 12:42,0.0082,0.0110,-0.0027
2019-11-29 12:41,0.0057,0.0112,-0.0055
2019-11-29 12:40,0.0029,0.0111,-0.0083
2019-11-29 12:39,-0.0008,0.0103,-0.0111
2019-11-29 12:38,-0.0063,0.0073,-0.0136
2019-11-29 12:37,-0.0098,0.0056,-0.0155
2019-11-29 12:36,-0.0132,0.0037,-0.0169
2019-11-29 12:35,-0.0142,0.0036,-0.0178
2019-11-29 12:34,-0.0152,0.0035,-0.0187
2019-11-29 12:33,-0.0159,0.0037,-0.0196
2019-11-29 12:32,-0.0165,0.0040,-0.0205
2019-11-29 12:31,-0.0180,0.0035,-0.0215
2019-11-29 12:30,-0.0202,0.0022,-0.0223
2019-11-29 12:29,-0.0211,0.0017,-0.0229
2019-11-29 12:28,-0.0216,0.0017,-0.0233
2019-11-29 12:27,-0.0228,0.0009,-0.0238
2019-11-29 12:26,-0.0246,-0.0006,-0.0240
2019-11-29 12:25,-0.0260,-0.0022,-0.0238
2019-11-29 12:24,-0.0274,-0.0041,-0.0233
2019-11-29 12:23,-0.0273,-0.0051,-0.0223
2019-11-29 12:22,-0.0258,-0.0048,-0.0210
2019-11-29 12:21,-0.0239,-0.0041,-0.0198
2019-11-29 12:20,-0.0212,-0.0024,-0.0188
2019-11-29 12:19,-0.0194,-0.0013,-0.0182
2019-11-29 12:18,-0.0174,0.0004,-0.0178
2019-11-29 12:17,-0.0177,0.0003,-0.0179
2019-11-29 12:16,-0.0177,0.0003,-0.0180
2019-11-29 12:15,-0.0170,0.0011,-0.0181
2019-11-29 12:14,-0.0178,0.0006,-0.0184
2019-11-29 12:13,-0.0176,0.0009,-0.0185
2019-11-29 12:12,-0.0176,0.0011,-0.0187
2019-11-29 12:09,-0.0169,0.0021,-0.0190
2019-11-29 12:07,-0.0182,0.0014,-0.0196
2019-11-29 12:06,-0.0181,0.0018,-0.0199
2019-11-29 12:05,-0.0182,0.0021,-0.0204
2019-11-29 12:04,-0.0176,0.0033,-0.0209
2019-11-29 12:03,-0.0181,0.0036,-0.0217
2019-11-29 12:02,-0.0182,0.0044,-0.0226
2019-11-29 12:01,-0.0204,0.0033,-0.0237
2019-11-29 12:00,-0.0229,0.0016,-0.0245
2019-11-29 11:59,-0.0243,0.0006,-0.0249
2019-11-29 11:58,-0.0256,-0.0005,-0.0251
2019-11-29 11:57,-0.0280,-0.0030,-0.0249
2019-11-29 11:56,-0.0296,-0.0054,-0.0242
2019-11-29 11:55,-0.0322,-0.0094,-0.0228
2019-11-29 11:54,-0.0346,-0.0141,-0.0205
2019-11-29 11:53,-0.0325,-0.0156,-0.0169
2019-11-29 11:52,-0.0289,-0.0159,-0.0130
2019-11-29 11:51,-0.0234,-0.0144,-0.0091
2019-11-29 11:50,-0.0181,-0.0126,-0.0055
2019-11-29 11:49,-0.0135,-0.0112,-0.0023
2019-11-29 11:48,-0.0086,-0.0090,0.0005
2019-11-29 11:47,-0.0036,-0.0063,0.0027
2019-11-29 11:46,-0.0003,-0.0046,0.0043
2019-11-29 11:45,0.0014,-0.0041,0.0055
2019-11-29 11:44,0.0031,-0.0034,0.0065
2019-11-29 11:43,0.0041,-0.0033,0.0074
2019-11-29 11:42,0.0053,-0.0028,0.0082
2019-11-29 11:41,0.0063,-0.0025,0.0089
2019-11-29 11:39,0.0075,-0.0020,0.0095
2019-11-29 11:38,0.0100,-0.0000,0.0100
2019-11-29 11:37,0.0083,-0.0017,0.0100
2019-11-29 11:36,0.0087,-0.0017,0.0104
2019-11-29 11:35,0.0106,-0.0003,0.0109
2019-11-29 11:34,0.0118,0.0008,0.0109
2019-11-29 11:33,0.0118,0.0010,0.0107
2019-11-29 11:32,0.0124,0.0019,0.0105
2019-11-29 11:31,0.0126,0.0026,0.0100
2019-11-29 11:30,0.0132,0.0039,0.0094
2019-11-29 11:29,0.0141,0.0057,0.0084
2019-11-29 11:28,0.0140,0.0070,0.0070
2019-11-29 11:27,0.0137,0.0085,0.0052
2019-11-29 11:26,0.0122,0.0091,0.0031
2019-11-29 11:25,0.0102,0.0094,0.0008
2019-11-29 11:24,0.0084,0.0100,-0.0015
2019-11-29 11:23,0.0065,0.0105,-0.0040
2019-11-29 11:22,0.0071,0.0137,-0.0066
2019-11-29 11:21,0.0046,0.0147,-0.0101
2019-11-29 11:20,0.0010,0.0147,-0.0137
2019-11-29 11:19,-0.0027,0.0148,-0.0174
2019-11-29 11:18,-0.0073,0.0138,-0.0211
2019-11-29 11:17,-0.0126,0.0119,-0.0246
2019-11-29 11:16,-0.0177,0.0098,-0.0275
2019-11-29 11:15,-0.0214,0.0086,-0.0300
2019-11-29 11:14,-0.0245,0.0077,-0.0322
2019-11-29 11:13,-0.0288,0.0052,-0.0341
2019-11-29 11:11,-0.0350,0.0004,-0.0354
2019-11-29 11:10,-0.0378,-0.0023,-0.0355
2019-11-29 11:09,-0.0383,-0.0034,-0.0349
2019-11-29 11:08,-0.0388,-0.0048,-0.0341
2019-11-29 11:07,-0.0390,-0.0061,-0.0329
2019-11-29 11:06,-0.0376,-0.0062,-0.0314
2019-11-29 11:05,-0.0347,-0.0049,-0.0298
2019-11-29 11:04,-0.0306,-0.0020,-0.0286
2019-11-29 11:03,-0.0289,-0.0008,-0.0281
2019-11-29 11:02,-0.0284,-0.0005,-0.0279
2019-11-29 11:01,-0.0284,-0.0006,-0.0278
2019-11-29 11:00,-0.0269,0.0007,-0.0276
2019-11-29 10:59,-0.0267,0.0011,-0.0278
2019-11-29 10:58,-0.0260,0.0021,-0.0281
2019-11-29 10:57,-0.0247,0.0039,-0.0286
2019-11-29 10:56,-0.0258,0.0038,-0.0296
2019-11-29 10:55,-0.0263,0.0042,-0.0305
2019-11-29 10:54,-0.0281,0.0034,-0.0315
2019-11-29 10:53,-0.0294,0.0030,-0.0324
2019-11-29 10:52,-0.0317,0.0014,-0.0332
2019-11-29 10:51,-0.0327,0.0008,-0.0335
2019-11-29 10:50,-0.0335,0.0003,-0.0337
2019-11-29 10:49,-0.0355,-0.0017,-0.0338
2019-11-29 10:48,-0.0375,-0.0042,-0.0334
2019-11-29 10:47,-0.0376,-0.0053,-0.0323
2019-11-29 10:46,-0.0366,-0.0056,-0.0310
2019-11-29 10:45,-0.0347,-0.0051,-0.0296
2019-11-29 10:44,-0.0334,-0.0051,-0.0283
2019-11-29 10:43,-0.0344,-0.0073,-0.0270
2019-11-29 10:42,-0.0347,-0.0094,-0.0252
2019-11-29 10:41,-0.0340,-0.0111,-0.0229
2019-11-29 10:40,-0.0340,-0.0139,-0.0201
2019-11-29 10:39,-0.0296,-0.0130,-0.0166
2019-11-29 10:38,-0.0265,-0.0131,-0.0134
2019-11-29 10:37,-0.0226,-0.0126,-0.0101
2019-11-29 10:36,-0.0190,-0.0120,-0.0069
2019-11-29 10:35,-0.0145,-0.0106,-0.0039
2019-11-29 10:34,-0.0101,-0.0088,-0.0013
2019-11-29 10:33,-0.0054,-0.0063,0.0009
2019-11-29 10:32,-0.0028,-0.0053,0.0025
2019-11-29 10:31,0.0010,-0.0029,0.0038
2019-11-29 10:30,0.0043,-0.0003,0.0045
2019-11-29 10:29,0.0054,0.0008,0.0046
2019-11-29 10:28,0.0052,0.0008,0.0044
2019-11-29 10:27,0.0053,0.0011,0.0042
2019-11-29 10:26,0.0056,0.0017,0.0039
2019-11-29 10:25,0.0047,0.0012,0.0035
2019-11-29 10:24,0.0040,0.0008,0.0032
2019-11-29 10:23,0.0031,0.0001,0.0030
2019-11-29 10:22,0.0059,0.0030,0.0030
2019-11-29 10:21,0.0054,0.0032,0.0022
2019-11-29 10:20,0.0067,0.0053,0.0014
2019-11-29 10:19,0.0082,0.0081,0.0001
2019-11-29 10:18,0.0091,0.0110,-0.0019
2019-11-29 10:17,0.0100,0.0147,-0.0047
2019-11-29 10:16,0.0074,0.0158,-0.0084
2019-11-29 10:15,0.0036,0.0159,-0.0123
2019-11-29 10:14,-0.0004,0.0159,-0.0163
2019-11-29 10:13,-0.0059,0.0143,-0.0203
2019-11-29 10:12,-0.0111,0.0128,-0.0238
2019-11-29 10:11,-0.0143,0.0128,-0.0270
2019-11-29 10:10,-0.0156,0.0147,-0.0302
2019-11-29 10:09,-0.0180,0.0159,-0.0339
2019-11-29 10:08,-0.0219,0.0160,-0.0379
2019-11-29 10:07,-0.0265,0.0153,-0.0418
2019-11-29 10:06,-0.0302,0.0155,-0.0457
2019-11-29 10:05,-0.0312,0.0183,-0.0495
2019-11-29 10:04,-0.0367,0.0174,-0.0541
2019-11-29 10:03,-0.0411,0.0174,-0.0585
2019-11-29 10:02,-0.0445,0.0183,-0.0628
2019-11-29 10:01,-0.0524,0.0150,-0.0674
2019-11-29 10:00,-0.0565,0.0146,-0.0711
2019-11-29 09:59,-0.0630,0.0118,-0.0748
2019-11-29 09:58,-0.0684,0.0094,-0.0778
2019-11-29 09:57,-0.0732,0.0069,-0.0801
2019-11-29 09:56,-0.0773,0.0046,-0.0818
2019-11-29 09:55,-0.0798,0.0032,-0.0830
2019-11-29 09:54,-0.0824,0.0014,-0.0838
2019-11-29 09:53,-0.0809,0.0032,-0.0841
2019-11-29 09:52,-0.0779,0.0070,-0.0849
2019-11-29 09:51,-0.0775,0.0092,-0.0867
2019-11-29 09:50,-0.0758,0.0132,-0.0890
2019-11-29 09:49,-0.0776,0.0146,-0.0923
2019-11-29 09:48,-0.0840,0.0120,-0.0959
2019-11-29 09:47,-0.0922,0.0067,-0.0989
2019-11-29 09:46,-0.0990,0.0016,-0.1006
2019-11-29 09:45,-0.1021,-0.0011,-0.1010
2019-11-29 09:44,-0.1057,-0.0050,-0.1007
2019-11-29 09:43,-0.1072,-0.0077,-0.0994
2019-11-29 09:42,-0.1095,-0.0120,-0.0975
2019-11-29 09:41,-0.1114,-0.0169,-0.0945
2019-11-29 09:40,-0.1112,-0.0210,-0.0902
2019-11-29 09:39,-0.1103,-0.0253,-0.0850
2019-11-29 09:38,-0.1056,-0.0269,-0.0787
2019-11-29 09:37,-0.1021,-0.0301,-0.0719
2019-11-29 09:36,-0.0997,-0.0352,-0.0644
2019-11-29 09:35,-0.0961,-0.0405,-0.0556
2019-11-29 09:34,-0.0847,-0.0392,-0.0455
2019-11-29 09:33,-0.0688,-0.0331,-0.0357
2019-11-29 09:32,-0.0536,-0.0262,-0.0274
2019-11-29 09:31,-0.0365,-0.0156,-0.0209
2019-11-27 16:00,-0.0172,-0.0003,-0.0170
2019-11-27 15:59,-0.0178,-0.0009,-0.0169
2019-11-27 15:58,-0.0173,-0.0006,-0.0167
2019-11-27 15:57,-0.0174,-0.0009,-0.0165
2019-11-27 15:56,-0.0167,-0.0004,-0.0163
2019-11-27 15:55,-0.0157,0.0005,-0.0162
2019-11-27 15:54,-0.0156,0.0007,-0.0163
2019-11-27 15:53,-0.0153,0.0012,-0.0165
2019-11-27 15:52,-0.0157,0.0011,-0.0168
2019-11-27 15:51,-0.0160,0.0010,-0.0171
2019-11-27 15:50,-0.0172,0.0001,-0.0173
2019-11-27 15:49,-0.0189,-0.0016,-0.0173
2019-11-27 15:48,-0.0188,-0.0019,-0.0170
2019-11-27 15:47,-0.0180,-0.0015,-0.0165
2019-11-27 15:46,-0.0171,-0.0010,-0.0161
2019-11-27 15:45,-0.0167,-0.0008,-0.0159
2019-11-27 15:44,-0.0175,-0.0019,-0.0157
2019-11-27 15:43,-0.0183,-0.0031,-0.0152
2019-11-27 15:42,-0.0191,-0.0047,-0.0144
2019-11-27 15:41,-0.0192,-0.0060,-0.0132
2019-11-27 15:40,-0.0176,-0.0059,-0.0118
2019-11-27 15:39,-0.0159,-0.0056,-0.0103
2019-11-27 15:38,-0.0129,-0.0040,-0.0089
2019-11-27 15:37,-0.0109,-0.0030,-0.0079
2019-11-27 15:36,-0.0097,-0.0026,-0.0071
2019-11-27 15:35,-0.0091,-0.0026,-0.0065
2019-11-27 15:34,-0.0082,-0.0024,-0.0058
2019-11-27 15:33,-0.0064,-0.0012,-0.0052
2019-11-27 15:32,-0.0050,-0.0001,-0.0049
2019-11-27 15:31,-0.0042,0.0007,-0.0049
2019-11-27 15:30,-0.0051,-0.0001,-0.0051
2019-11-27 15:29,-0.0047,0.0003,-0.0050
2019-11-27 15:28,-0.0052,-0.0001,-0.0051
2019-11-27 15:27,-0.0062,-0.0011,-0.0051
2019-11-27 15:26,-0.0058,-0.0010,-0.0048
2019-11-27 15:25,-0.0058,-0.0012,-0.0046
2019-11-27 15:24,-0.0067,-0.0024,-0.0043
2019-11-27 15:23,-0.0067,-0.0031,-0.0037
2019-11-27 15:22,-0.0062,-0.0033,-0.0029
2019-11-27 15:21,-0.0059,-0.0038,-0.0021
2019-11-27 15:20,-0.0049,-0.0038,-0.0011
2019-11-27 15:19,-0.0037,-0.0036,-0.0001
2019-11-27 15:18,-0.0027,-0.0035,0.0008
2019-11-27 15:17,-0.0017,-0.0033,0.0016
2019-11-27 15:16,-0.0002,-0.0027,0.0025
2019-11-27 15:15,0.0010,-0.0021,0.0031
2019-11-27 15:14,0.0025,-0.0012,0.0037
2019-11-27 15:13,0.0044,0.0005,0.0040
2019-11-27 15:12,0.0053,0.0014,0.0038
2019-11-27 15:11,0.0050,0.0015,0.0035
2019-11-27 15:10,0.0044,0.0013,0.0031
2019-11-27 15:09,0.0045,0.0017,0.0028
2019-11-27 15:08,0.0035,0.0012,0.0024
2019-11-27 15:07,0.0023,0.0002,0.0021
2019-11-27 15:06,0.0016,-0.0004,0.0020
2019-11-27 15:05,-0.0002,-0.0023,0.0021
2019-11-27 15:04,-0.0005,-0.0032,0.0027
2019-11-27 15:03,-0.0004,-0.0039,0.0035
2019-11-27 15:02,0.0003,-0.0041,0.0044
2019-11-27 15:01,0.0022,-0.0033,0.0055
2019-11-27 15:00,0.0045,-0.0018,0.0063
2019-11-27 14:59,0.0065,-0.0003,0.0068
2019-11-27 14:58,0.0073,0.0005,0.0068
2019-11-27 14:57,0.0087,0.0020,0.0067
2019-11-27 14:56,0.0100,0.0038,0.0062
2019-11-27 14:55,0.0109,0.0057,0.0052
2019-11-27 14:54,0.0089,0.0050,0.0038
2019-11-27 14:53,0.0067,0.0041,0.0026
2019-11-27 14:52,0.0053,0.0037,0.0015
2019-11-27 14:51,0.0044,0.0038,0.0006
2019-11-27 14:50,0.0023,0.0026,-0.0003
2019-11-27 14:49,0.0005,0.0015,-0.0010
2019-11-27 14:48,-0.0002,0.0011,-0.0014
2019-11-27 14:47,-0.0012,0.0004,-0.0017
2019-11-27 14:46,-0.0009,0.0009,-0.0018
2019-11-27 14:45,-0.0010,0.0010,-0.0020
2019-11-27 14:44,-0.0015,0.0007,-0.0022
2019-11-27 14:43,-0.0018,0.0006,-0.0024
2019-11-27 14:42,-0.0025,0.0000,-0.0025
2019-11-27 14:41,-0.0029,-0.0004,-0.0025
2019-11-27 14:40,-0.0029,-0.0005,-0.0025
2019-11-27 14:39,-0.0038,-0.0015,-0.0023
2019-11-27 14:38,-0.0040,-0.0020,-0.0020
2019-11-27 14:37,-0.0041,-0.0026,-0.0015
2019-11-27 14:36,-0.0032,-0.0024,-0.0008
2019-11-27 14:35,-0.0029,-0.0027,-0.0002
2019-11-27 14:34,-0.0016,-0.0021,0.0005
2019-11-27 14:33,-0.0004,-0.0014,0.0010
2019-11-27 14:32,0.0017,0.0004,0.0013
2019-11-27 14:31,0.0028,0.0016,0.0012
2019-11-27 14:30,0.0026,0.0018,0.0009
2019-11-27 14:29,0.0014,0.0010,0.0004
2019-11-27 14:28,0.0008,0.0006,0.0002
2019-11-27 14:27,0.0010,0.0010,0.0000
2019-11-27 14:26,0.0018,0.0020,-0.0002
2019-11-27 14:25,0.0012,0.0020,-0.0007
2019-11-27 14:24,0.0005,0.0017,-0.0012
2019-11-27 14:23,0.0001,0.0018,-0.0017
2019-11-27 14:22,-0.0009,0.0012,-0.0021
2019-11-27 14:21,-0.0017,0.0007,-0.0024
2019-11-27 14:20,-0.0017,0.0009,-0.0026
2019-11-27 14:19,-0.0016,0.0012,-0.0028
2019-11-27 14:18,-0.0025,0.0006,-0.0031
2019-11-27 14:17,-0.0031,0.0001,-0.0033
2019-11-27 14:16,-0.0029,0.0004,-0.0033
2019-11-27 14:15,-0.0030,0.0004,-0.0034
2019-11-27 14:14,-0.0036,-0.0001,-0.0035
2019-11-27 14:13,-0.0044,-0.0009,-0.0035
2019-11-27 14:12,-0.0049,-0.0016,-0.0033
2019-11-27 14:11,-0.0049,-0.0020,-0.0029
2019-11-27 14:10,-0.0048,-0.0024,-0.0024
2019-11-27 14:09,-0.0040,-0.0023,-0.0018
2019-11-27 14:08,-0.0025,-0.0013,-0.0012
2019-11-27 14:07,-0.0016,-0.0007,-0.0009
2019-11-27 14:06,-0.0014,-0.0007,-0.0007
2019-11-27 14:05,-0.0021,-0.0016,-0.0005
2019-11-27 14:04,-0.0023,-0.0022,-0.0001
2019-11-27 14:03,-0.0022,-0.0026,0.0004
2019-11-27 14:02,-0.0020,-0.0031,0.0010
2019-11-27 14:01,-0.0018,-0.0036,0.0018
2019-11-27 14:00,-0.0010,-0.0037,0.0027
2019-11-27 13:59,-0.0004,-0.0041,0.0037
2019-11-27 13:58,0.0003,-0.0044,0.0047
2019-11-27 13:57,0.0017,-0.0041,0.0058
2019-11-27 13:56,0.0030,-0.0038,0.0068
2019-11-27 13:55,0.0056,-0.0022,0.0078
2019-11-27 13:54,0.0083,-0.0000,0.0083
2019-11-27 13:53,0.0093,0.0009,0.0083
2019-11-27 13:52,0.0082,0.0001,0.0081
2019-11-27 13:51,0.0077,-0.0004,0.0081
2019-11-27 13:50,0.0075,-0.0007,0.0082
2019-11-27 13:49,0.0072,-0.0011,0.0083
2019-11-27 13:48,0.0081,-0.0005,0.0086
2019-11-27 13:47,0.0087,-0.0000,0.0087
2019-11-27 13:46,0.0093,0.0006,0.0087
2019-11-27 13:45,0.0095,0.0009,0.0086
2019-11-27 13:44,0.0096,0.0012,0.0084
2019-11-27 13:43,0.0095,0.0014,0.0081
2019-11-27 13:42,0.0088,0.0011,0.0077
2019-11-27 13:41,0.0077,0.0003,0.0075
2019-11-27 13:40,0.0068,-0.0006,0.0074
2019-11-27 13:39,0.0054,-0.0021,0.0076
2019-11-27 13:38,0.0057,-0.0024,0.0081
2019-11-27 13:37,0.0065,-0.0022,0.0087
2019-11-27 13:36,0.0064,-0.0029,0.0092
2019-11-27 13:35,0.0066,-0.0033,0.0099
2019-11-27 13:34,0.0069,-0.0039,0.0108
2019-11-27 13:33,0.0081,-0.0037,0.0118
2019-11-27 13:32,0.0100,-0.0026,0.0127
2019-11-27 13:31,0.0129,-0.0005,0.0133
2019-11-27 13:30,0.0133,-0.0002,0.0134
2019-11-27 13:29,0.0136,0.0001,0.0135
2019-11-27 13:28,0.0138,0.0003,0.0135
2019-11-27 13:27,0.0138,0.0004,0.0134
2019-11-27 13:26,0.0142,0.0010,0.0133
2019-11-27 13:25,0.0140,0.0010,0.0131
2019-11-27 13:24,0.0135,0.0007,0.0128
2019-11-27 13:23,0.0133,0.0007,0.0126
2019-11-27 13:22,0.0153,0.0029,0.0125
2019-11-27 13:21,0.0166,0.0049,0.0117
2019-11-27 13:20,0.0160,0.0054,0.0105
2019-11-27 13:19,0.0144,0.0052,0.0092
2019-11-27 13:18,0.0127,0.0049,0.0079
2019-11-27 13:17,0.0124,0.0058,0.0066
2019-11-27 13:16,0.0118,0.0066,0.0052
2019-11-27 13:15,0.0084,0.0049,0.0035
2019-11-27 13:14,0.0054,0.0031,0.0023
2019-11-27 13:13,0.0036,0.0020,0.0015
2019-11-27 13:12,0.0011,0.0001,0.0010
2019-11-27 13:11,0.0001,-0.0010,0.0010
2019-11-27 13:10,-0.0001,-0.0014,0.0013
2019-11-27 13:09,-0.0000,-0.0016,0.0016
2019-11-27 13:08,0.0000,-0.0020,0.0020
2019-11-27 13:07,0.0007,-0.0018,0.0025
2019-11-27 13:06,0.0011,-0.0019,0.0030
2019-11-27 13:05,0.0019,-0.0016,0.0034
2019-11-27 13:04,0.0020,-0.0019,0.0038
2019-11-27 13:03,0.0031,-0.0012,0.0043
2019-11-27 13:02,0.0045,-0.0001,0.0046
2019-11-27 13:01,0.0051,0.0005,0.0046
2019-11-27 13:00,0.0054,0.0009,0.0045
2019-11-27 12:59,0.0052,0.0009,0.0043
2019-11-27 12:58,0.0058,0.0018,0.0040
2019-11-27 12:57,0.0056,0.0020,0.0036
2019-11-27 12:56,0.0057,0.0026,0.0031
2019-11-27 12:55,0.0042,0.0018,0.0025
2019-11-27 12:54,0.0038,0.0018,0.0020
2019-11-27 12:53,0.0027,0.0011,0.0016
2019-11-27 12:52,0.0022,0.0010,0.0013
2019-11-27 12:51,0.0006,-0.0004,0.0011
2019-11-27 12:50,0.0006,-0.0006,0.0012
2019-11-27 12:49,0.0020,0.0007,0.0013
2019-11-27 12:48,0.0033,0.0021,0.0011
2019-11-27 12:47,0.0023,0.0017,0.0006
2019-11-27 12:46,0.0027,0.0025,0.0002
2019-11-27 12:45,0.0035,0.0040,-0.0005
2019-11-27 12:44,0.0031,0.0045,-0.0015
2019-11-27 12:43,0.0035,0.0061,-0.0026
2019-11-27 12:42,0.0029,0.0070,-0.0041
2019-11-27 12:41,0.0021,0.0080,-0.0059
2019-11-27 12:40,-0.0020,0.0059,-0.0078
2019-11-27 12:39,-0.0041,0.0052,-0.0093
2019-11-27 12:38,-0.0062,0.0045,-0.0106
2019-11-27 12:37,-0.0083,0.0035,-0.0117
2019-11-27 12:36,-0.0104,0.0022,-0.0126
2019-11-27 12:35,-0.0134,-0.0003,-0.0131
2019-11-27 12:34,-0.0151,-0.0020,-0.0131
2019-11-27 12:33,-0.0154,-0.0028,-0.0126
2019-11-27 12:32,-0.0150,-0.0032,-0.0119
2019-11-27 12:31,-0.0129,-0.0018,-0.0111
2019-11-27 12:30,-0.0135,-0.0029,-0.0106
2019-11-27 12:29,-0.0131,-0.0032,-0.0099
2019-11-27 12:28,-0.0132,-0.0041,-0.0091
2019-11-27 12:27,-0.0133,-0.0052,-0.0081
2019-11-27 12:26,-0.0143,-0.0075,-0.0068
2019-11-27 12:25,-0.0143,-0.0093,-0.0049
2019-11-27 12:24,-0.0131,-0.0105,-0.0026
2019-11-27 12:23,-0.0114,-0.0114,0.0000
2019-11-27 12:22,-0.0090,-0.0118,0.0029
2019-11-27 12:21,-0.0064,-0.0122,0.0058
2019-11-27 12:20,-0.0029,-0.0118,0.0089
2019-11-27 12:19,0.0014,-0.0103,0.0118
2019-11-27 12:18,0.0056,-0.0088,0.0144
2019-11-27 12:17,0.0107,-0.0059,0.0166
2019-11-27 12:16,0.0141,-0.0039,0.0181
2019-11-27 12:15,0.0160,-0.0030,0.0190
2019-11-27 12:14,0.0174,-0.0024,0.0198
2019-11-27 12:13,0.0189,-0.0015,0.0204
2019-11-27 12:12,0.0195,-0.0013,0.0208
2019-11-27 12:11,0.0199,-0.0012,0.0211
2019-11-27 12:10,0.0192,-0.0022,0.0214
2019-11-27 12:09,0.0185,-0.0035,0.0220
2019-11-27 12:08,0.0179,-0.0049,0.0228
2019-11-27 12:07,0.0189,-0.0052,0.0241
2019-11-27 12:06,0.0200,-0.0054,0.0254
2019-11-27 12:04,0.0210,-0.0057,0.0267
2019-11-27 12:03,0.0250,-0.0031,0.0281
2019-11-27 12:02,0.0268,-0.0022,0.0289
2019-11-27 12:00,0.0271,-0.0023,0.0295
2019-11-27 11:59,0.0266,-0.0034,0.0300
2019-11-27 11:58,0.0271,-0.0038,0.0309
2019-11-27 11:57,0.0283,-0.0036,0.0319
2019-11-27 11:56,0.0279,-0.0048,0.0328
2019-11-27 11:55,0.0281,-0.0059,0.0340
2019-11-27 11:54,0.0288,-0.0066,0.0354
2019-11-27 11:53,0.0300,-0.0071,0.0371
2019-11-27 11:52,0.0315,-0.0074,0.0389
2019-11-27 11:51,0.0329,-0.0078,0.0407
2019-11-27 11:50,0.0353,-0.0074,0.0427
2019-11-27 11:49,0.0397,-0.0048,0.0445
2019-11-27 11:48,0.0434,-0.0023,0.0457
2019-11-27 11:47,0.0490,0.0027,0.0463
2019-11-27 11:46,0.0509,0.0053,0.0456
2019-11-27 11:45,0.0510,0.0067,0.0443
2019-11-27 11:44,0.0507,0.0080,0.0426
2019-11-27 11:43,0.0492,0.0086,0.0406
2019-11-27 11:42,0.0477,0.0092,0.0385
2019-11-27 11:41,0.0472,0.0110,0.0362
2019-11-27 11:40,0.0452,0.0118,0.0335
2019-11-27 11:39,0.0415,0.0110,0.0305
2019-11-27 11:38,0.0393,0.0115,0.0278
2019-11-27 11:37,0.0369,0.0120,0.0249
2019-11-27 11:36,0.0333,0.0114,0.0219
2019-11-27 11:35,0.0292,0.0101,0.0190
2019-11-27 11:31,0.0230,0.0065,0.0165
2019-11-27 11:30,0.0204,0.0056,0.0149
2019-11-27 11:29,0.0174,0.0039,0.0135
2019-11-27 11:28,0.0149,0.0024,0.0125
2019-11-27 11:27,0.0136,0.0017,0.0119
2019-11-27 11:26,0.0126,0.0011,0.0115
2019-11-27 11:25,0.0111,-0.0001,0.0112
2019-11-27 11:24,0.0090,-0.0022,0.0112
2019-11-27 11:23,0.0082,-0.0036,0.0118
2019-11-27 11:22,0.0091,-0.0036,0.0127
2019-11-27 11:21,0.0086,-0.0049,0.0135
2019-11-27 11:20,0.0084,-0.0064,0.0148
2019-11-27 11:19,0.0099,-0.0064,0.0164
2019-11-27 11:18,0.0108,-0.0071,0.0180
2019-11-27 11:17,0.0128,-0.0069,0.0198
2019-11-27 11:16,0.0152,-0.0063,0.0215
2019-11-27 11:15,0.0170,-0.0061,0.0231
2019-11-27 11:14,0.0194,-0.0052,0.0246
2019-11-27 11:13,0.0228,-0.0031,0.0259
2019-11-27 11:12,0.0263,-0.0003,0.0267
2019-11-27 11:11,0.0279,0.0012,0.0268
2019-11-27 11:10,0.0290,0.0025,0.0265
2019-11-27 11:09,0.0282,0.0023,0.0258
2019-11-27 11:08,0.0290,0.0038,0.0252
2019-11-27 11:07,0.0286,0.0043,0.0243
2019-11-27 11:05,0.0277,0.0045,0.0232
2019-11-27 11:04,0.0242,0.0021,0.0221
2019-11-27 11:03,0.0198,-0.0018,0.0216
2019-11-27 11:02,0.0200,-0.0020,0.0220
2019-11-27 11:01,0.0215,-0.0011,0.0225
2019-11-27 11:00,0.0200,-0.0028,0.0228
2019-11-27 10:59,0.0189,-0.0046,0.0235
2019-11-27 10:58,0.0192,-0.0055,0.0247
2019-11-27 10:57,0.0218,-0.0042,0.0260
2019-11-27 10:56,0.0238,-0.0032,0.0271
2019-11-27 10:55,0.0256,-0.0023,0.0279
2019-11-27 10:54,0.0285,0.0000,0.0285
2019-11-27 10:53,0.0322,0.0038,0.0285
2019-11-27 10:52,0.0341,0.0065,0.0275
2019-11-27 10:51,0.0338,0.0080,0.0259
2019-11-27 10:50,0.0331,0.0092,0.0239
2019-11-27 10:49,0.0316,0.0100,0.0216
2019-11-27 10:48,0.0293,0.0102,0.0191
2019-11-27 10:47,0.0269,0.0103,0.0166
2019-11-27 10:46,0.0224,0.0084,0.0140
2019-11-27 10:45,0.0210,0.0091,0.0119
2019-11-27 10:44,0.0173,0.0078,0.0096
2019-11-27 10:43,0.0142,0.0066,0.0076
2019-11-27 10:42,0.0133,0.0073,0.0060
2019-11-27 10:41,0.0110,0.0068,0.0042
2019-11-27 10:40,0.0092,0.0067,0.0025
2019-11-27 10:39,0.0074,0.0067,0.0008
2019-11-27 10:38,0.0051,0.0060,-0.0009
2019-11-27 10:37,0.0020,0.0044,-0.0024
2019-11-27 10:36,0.0016,0.0051,-0.0035
2019-11-27 10:35,0.0012,0.0059,-0.0048
2019-11-27 10:34,-0.0010,0.0052,-0.0062
2019-11-27 10:33,-0.0023,0.0052,-0.0075
2019-11-27 10:32,-0.0044,0.0045,-0.0088
2019-11-27 10:31,-0.0070,0.0030,-0.0099
2019-11-27 10:30,-0.0081,0.0026,-0.0107
2019-11-27 10:29,-0.0085,0.0028,-0.0113
2019-11-27 10:28,-0.0098,0.0022,-0.0120
2019-11-27 10:27,-0.0114,0.0012,-0.0126
2019-11-27 10:26,-0.0112,0.0016,-0.0129
2019-11-27 10:25,-0.0108,0.0025,-0.0133
2019-11-27 10:24,-0.0107,0.0032,-0.0139
2019-11-27 10:23,-0.0108,0.0039,-0.0147
2019-11-27 10:22,-0.0119,0.0038,-0.0157
2019-11-27 10:21,-0.0120,0.0046,-0.0166
2019-11-27 10:20,-0.0130,0.0048,-0.0178
2019-11-27 10:19,-0.0142,0.0048,-0.0190
2019-11-27 10:18,-0.0144,0.0058,-0.0202
2019-11-27 10:17,-0.0165,0.0052,-0.0217
2019-11-27 10:16,-0.0199,0.0030,-0.0230
2019-11-27 10:15,-0.0220,0.0017,-0.0237
2019-11-27 10:14,-0.0223,0.0018,-0.0242
2019-11-27 10:13,-0.0224,0.0022,-0.0246
2019-11-27 10:12,-0.0221,0.0030,-0.0252
2019-11-27 10:11,-0.0205,0.0054,-0.0259
2019-11-27 10:10,-0.0211,0.0061,-0.0273
2019-11-27 10:09,-0.0247,0.0041,-0.0288
2019-11-27 10:08,-0.0269,0.0030,-0.0298
2019-11-27 10:07,-0.0277,0.0029,-0.0306
2019-11-27 10:06,-0.0277,0.0036,-0.0313
2019-11-27 10:05,-0.0284,0.0038,-0.0322
2019-11-27 10:04,-0.0280,0.0052,-0.0332
2019-11-27 10:03,-0.0311,0.0034,-0.0345
2019-11-27 10:02,-0.0325,0.0028,-0.0353
2019-11-27 10:01,-0.0324,0.0036,-0.0360
2019-11-27 10:00,-0.0373,-0.0004,-0.0369
2019-11-27 09:59,-0.0401,-0.0033,-0.0368
2019-11-27 09:58,-0.0409,-0.0049,-0.0360
2019-11-27 09:57,-0.0424,-0.0077,-0.0348
2019-11-27 09:56,-0.0427,-0.0099,-0.0328
2019-11-27 09:55,-0.0453,-0.0150,-0.0304
2019-11-27 09:54,-0.0436,-0.0170,-0.0266
2019-11-27 09:53,-0.0458,-0.0235,-0.0224
2019-11-27 09:52,-0.0435,-0.0270,-0.0165
2019-11-27 09:51,-0.0419,-0.0321,-0.0098
2019-11-27 09:50,-0.0377,-0.0360,-0.0018
2019-11-27 09:49,-0.0252,-0.0324,0.0072
2019-11-27 09:48,-0.0160,-0.0314,0.0153
2019-11-27 09:47,-0.0071,-0.0303,0.0232
2019-11-27 09:46,0.0013,-0.0294,0.0307
2019-11-27 09:45,0.0095,-0.0286,0.0381
2019-11-27 09:44,0.0199,-0.0254,0.0452
2019-11-27 09:43,0.0297,-0.0219,0.0516
2019-11-27 09:42,0.0403,-0.0167,0.0570
2019-11-27 09:41,0.0497,-0.0115,0.0612
2019-11-27 09:40,0.0564,-0.0078,0.0641
2019-11-27 09:39,0.0620,-0.0040,0.0661
2019-11-27 09:38,0.0683,0.0013,0.0671
2019-11-27 09:37,0.0734,0.0066,0.0667
2019-11-27 09:36,0.0782,0.0131,0.0651
2019-11-27 09:35,0.0797,0.0179,0.0618
2019-11-27 09:34,0.0804,0.0231,0.0573
2019-11-27 09:33,0.0700,0.0184,0.0516
2019-11-27 09:32,0.0649,0.0179,0.0470
2019-11-27 09:31,0.0573,0.0149,0.0425
2019-11-26 16:00,0.0520,0.0132,0.0388
2019-11-26 15:59,0.0495,0.0141,0.0355
2019-11-26 15:58,0.0462,0.0142,0.0319
2019-11-26 15:57,0.0453,0.0169,0.0284
2019-11-26 15:56,0.0440,0.0199,0.0241
2019-11-26 15:55,0.0367,0.0175,0.0192
2019-11-26 15:54,0.0303,0.0155,0.0148
2019-11-26 15:53,0.0242,0.0133,0.0109
2019-11-26 15:52,0.0157,0.0081,0.0076
2019-11-26 15:51,0.0081,0.0025,0.0056
2019-11-26 15:50,0.0054,0.0004,0.0050
2019-11-26 15:49,0.0044,-0.0004,0.0049
2019-11-26 15:48,0.0041,-0.0008,0.0050
2019-11-26 15:47,0.0037,-0.0015,0.0052
2019-11-26 15:46,0.0031,-0.0024,0.0055
2019-11-26 15:45,0.0023,-0.0038,0.0061
2019-11-26 15:44,0.0033,-0.0038,0.0071
2019-11-26 15:43,0.0045,-0.0035,0.0080
2019-11-26 15:42,0.0055,-0.0034,0.0089
2019-11-26 15:41,0.0072,-0.0026,0.0098
2019-11-26 15:40,0.0087,-0.0017,0.0104
2019-11-26 15:39,0.0105,-0.0003,0.0108
2019-11-26 15:38,0.0112,0.0002,0.0109
2019-11-26 15:37,0.0118,0.0009,0.0109
2019-11-26 15:36,0.0130,0.0023,0.0106
2019-11-26 15:35,0.0132,0.0032,0.0100
2019-11-26 15:34,0.0134,0.0042,0.0092
2019-11-26 15:33,0.0134,0.0052,0.0082
2019-11-26 15:32,0.0122,0.0054,0.0069
2019-11-26 15:31,0.0116,0.0060,0.0055
2019-11-26 15:30,0.0095,0.0055,0.0040
2019-11-26 15:29,0.0077,0.0051,0.0027
2019-11-26 15:28,0.0064,0.0050,0.0014
2019-11-26 15:27,0.0052,0.0050,0.0002
2019-11-26 15:26,0.0040,0.0050,-0.0011
2019-11-26 15:25,0.0034,0.0057,-0.0023
2019-11-26 15:24,0.0016,0.0054,-0.0038
2019-11-26 15:23,0.0003,0.0055,-0.0051
2019-11-26 15:22,-0.0008,0.0057,-0.0065
2019-11-26 15:21,-0.0027,0.0052,-0.0079
2019-11-26 15:20,-0.0042,0.0051,-0.0092
2019-11-26 15:19,-0.0064,0.0041,-0.0105
2019-11-26 15:18,-0.0092,0.0023,-0.0115
2019-11-26 15:17,-0.0121,-0.0000,-0.0121
2019-11-26 15:16,-0.0136,-0.0015,-0.0121
2019-11-26 15:15,-0.0133,-0.0016,-0.0117
2019-11-26 15:14,-0.0128,-0.0015,-0.0113
2019-11-26 15:13,-0.0118,-0.0009,-0.0109
2019-11-26 15:12,-0.0115,-0.0008,-0.0107
2019-11-26 15:11,-0.0119,-0.0014,-0.0105
2019-11-26 15:10,-0.0133,-0.0031,-0.0102
2019-11-26 15:09,-0.0128,-0.0034,-0.0094
2019-11-26 15:08,-0.0121,-0.0035,-0.0085
2019-11-26 15:07,-0.0104,-0.0027,-0.0077
2019-11-26 15:06,-0.0096,-0.0026,-0.0070
2019-11-26 15:05,-0.0080,-0.0017,-0.0063
2019-11-26 15:04,-0.0063,-0.0004,-0.0059
2019-11-26 15:03,-0.0041,0.0017,-0.0058
2019-11-26 15:02,-0.0042,0.0020,-0.0062
2019-11-26 15:01,-0.0044,0.0024,-0.0067
2019-11-26 15:00,-0.0050,0.0024,-0.0073
2019-11-26 14:59,-0.0062,0.0018,-0.0079
2019-11-26 14:58,-0.0061,0.0023,-0.0084
2019-11-26 14:57,-0.0068,0.0021,-0.0089
2019-11-26 14:56,-0.0075,0.0020,-0.0095
2019-11-26 14:55,-0.0080,0.0020,-0.0100
2019-11-26 14:54,-0.0085,0.0020,-0.0105
2019-11-26 14:53,-0.0085,0.0024,-0.0110
2019-11-26 14:52,-0.0095,0.0021,-0.0116
2019-11-26 14:51,-0.0103,0.0018,-0.0121
2019-11-26 14:50,-0.0110,0.0016,-0.0125
2019-11-26 14:49,-0.0116,0.0013,-0.0129
2019-11-26 14:48,-0.0122,0.0010,-0.0132
2019-11-26 14:47,-0.0129,0.0006,-0.0135
2019-11-26 14:46,-0.0135,0.0001,-0.0136
2019-11-26 14:45,-0.0142,-0.0005,-0.0137
2019-11-26 14:44,-0.0143,-0.0007,-0.0135
2019-11-26 14:43,-0.0152,-0.0018,-0.0133
2019-11-26 14:42,-0.0156,-0.0028,-0.0129
2019-11-26 14:41,-0.0155,-0.0033,-0.0122
2019-11-26 14:40,-0.0150,-0.0037,-0.0114
2019-11-26 14:39,-0.0140,-0.0036,-0.0105
2019-11-26 14:38,-0.0123,-0.0027,-0.0096
2019-11-26 14:37,-0.0104,-0.0015,-0.0089
2019-11-26 14:36,-0.0093,-0.0008,-0.0085
2019-11-26 14:35,-0.0094,-0.0011,-0.0083
2019-11-26 14:34,-0.0098,-0.0018,-0.0080
2019-11-26 14:33,-0.0097,-0.0021,-0.0076
2019-11-26 14:32,-0.0099,-0.0028,-0.0071
2019-11-26 14:31,-0.0095,-0.0031,-0.0064
2019-11-26 14:30,-0.0094,-0.0038,-0.0056
2019-11-26 14:29,-0.0091,-0.0045,-0.0046
2019-11-26 14:28,-0.0081,-0.0046,-0.0035
2019-11-26 14:27,-0.0073,-0.0049,-0.0024
2019-11-26 14:26,-0.0060,-0.0049,-0.0011
2019-11-26 14:25,-0.0040,-0.0041,0.0001
2019-11-26 14:24,-0.0024,-0.0035,0.0011
2019-11-26 14:23,-0.0012,-0.0032,0.0020
2019-11-26 14:22,-0.0007,-0.0035,0.0028
2019-11-26 14:21,0.0000,-0.0036,0.0037
2019-11-26 14:20,0.0004,-0.0041,0.0046
2019-11-26 14:19,0.0014,-0.0041,0.0056
2019-11-26 14:18,0.0022,-0.0044,0.0066
2019-11-26 14:17,0.0036,-0.0041,0.0077
2019-11-26 14:16,0.0044,-0.0044,0.0088
2019-11-26 14:15,0.0063,-0.0035,0.0098
2019-11-26 14:14,0.0087,-0.0020,0.0107
2019-11-26 14:13,0.0106,-0.0006,0.0112
2019-11-26 14:12,0.0118,0.0005,0.0114
2019-11-26 14:11,0.0107,-0.0006,0.0113
2019-11-26 14:10,0.0106,-0.0008,0.0114
2019-11-26 14:09,0.0098,-0.0018,0.0116
2019-11-26 14:08,0.0099,-0.0021,0.0121
2019-11-26 14:07,0.0107,-0.0018,0.0126
2019-11-26 14:06,0.0116,-0.0015,0.0130
2019-11-26 14:05,0.0130,-0.0004,0.0134
2019-11-26 14:04,0.0136,0.0001,0.0135
2019-11-26 14:03,0.0142,0.0008,0.0135
2019-11-26 14:02,0.0148,0.0015,0.0133
2019-11-26 14:01,0.0153,0.0024,0.0129
2019-11-26 14:00,0.0152,0.0029,0.0123
2019-11-26 13:59,0.0148,0.0032,0.0116
2019-11-26 13:58,0.0141,0.0034,0.0108
2019-11-26 13:57,0.0135,0.0036,0.0099
2019-11-26 13:56,0.0121,0.0030,0.0090
2019-11-26 13:55,0.0101,0.0018,0.0083
2019-11-26 13:54,0.0094,0.0016,0.0078
2019-11-26 13:53,0.0089,0.0015,0.0074
2019-11-26 13:52,0.0088,0.0018,0.0071
2019-11-26 13:51,0.0085,0.0018,0.0066
2019-11-26 13:50,0.0083,0.0022,0.0061
2019-11-26 13:49,0.0077,0.0021,0.0056
2019-11-26 13:48,0.0072,0.0021,0.0051
2019-11-26 13:47,0.0069,0.0023,0.0046
2019-11-26 13:46,0.0064,0.0024,0.0040
2019-11-26 13:45,0.0062,0.0028,0.0034
2019-11-26 13:44,0.0048,0.0022,0.0027
2019-11-26 13:43,0.0044,0.0022,0.0021
2019-11-26 13:42,0.0033,0.0017,0.0016
2019-11-26 13:41,0.0019,0.0007,0.0011
2019-11-26 13:40,0.0007,-0.0003,0.0010
2019-11-26 13:39,-0.0004,-0.0014,0.0010
2019-11-26 13:38,-0.0017,-0.0031,0.0014
2019-11-26 13:37,-0.0024,-0.0046,0.0022
2019-11-26 13:36,-0.0022,-0.0055,0.0033
2019-11-26 13:35,0.0006,-0.0041,0.0047
2019-11-26 13:34,0.0022,-0.0035,0.0057
2019-11-26 13:33,0.0047,-0.0018,0.0066
2019-11-26 13:32,0.0073,0.0003,0.0070
2019-11-26 13:31,0.0065,-0.0005,0.0070
2019-11-26 13:30,0.0058,-0.0013,0.0071
2019-11-26 13:29,0.0064,-0.0010,0.0074
2019-11-26 13:28,0.0074,-0.0003,0.0077
2019-11-26 13:27,0.0082,0.0004,0.0078
2019-11-26 13:26,0.0094,0.0017,0.0077
2019-11-26 13:25,0.0100,0.0028,0.0072
2019-11-26 13:24,0.0091,0.0026,0.0065
2019-11-26 13:23,0.0093,0.0034,0.0059
2019-11-26 13:22,0.0080,0.0029,0.0051
2019-11-26 13:21,0.0061,0.0018,0.0043
2019-11-26 13:20,0.0047,0.0008,0.0039
2019-11-26 13:19,0.0033,-0.0003,0.0037
2019-11-26 13:18,0.0035,-0.0002,0.0037
2019-11-26 13:17,0.0032,-0.0006,0.0038
2019-11-26 13:16,0.0028,-0.0011,0.0039
2019-11-26 13:15,0.0038,-0.0004,0.0042
2019-11-26 13:14,0.0045,0.0001,0.0043
2019-11-26 13:13,0.0057,0.0014,0.0043
2019-11-26 13:12,0.0063,0.0024,0.0039
2019-11-26 13:11,0.0064,0.0031,0.0033
2019-11-26 13:10,0.0054,0.0028,0.0026
2019-11-26 13:09,0.0036,0.0017,0.0019
2019-11-26 13:08,0.0017,0.0002,0.0014
2019-11-26 13:07,0.0012,-0.0002,0.0014
2019-11-26 13:06,0.0012,-0.0002,0.0014
2019-11-26 13:05,0.0021,0.0006,0.0015
2019-11-26 13:04,0.0023,0.0010,0.0013
2019-11-26 13:03,0.0025,0.0014,0.0011
2019-11-26 13:02,0.0021,0.0014,0.0007
2019-11-26 13:01,0.0022,0.0018,0.0004
2019-11-26 13:00,0.0023,0.0023,-0.0001
2019-11-26 12:59,0.0018,0.0024,-0.0007
2019-11-26 12:58,0.0011,0.0024,-0.0013
2019-11-26 12:57,0.0008,0.0027,-0.0019
2019-11-26 12:56,0.0004,0.0029,-0.0025
2019-11-26 12:55,0.0003,0.0036,-0.0033
2019-11-26 12:54,-0.0003,0.0039,-0.0041
2019-11-26 12:53,-0.0015,0.0036,-0.0051
2019-11-26 12:52,-0.0026,0.0034,-0.0060
2019-11-26 12:51,-0.0039,0.0030,-0.0069
2019-11-26 12:50,-0.0045,0.0032,-0.0076
2019-11-26 12:49,-0.0051,0.0033,-0.0084
2019-11-26 12:48,-0.0065,0.0028,-0.0092
2019-11-26 12:47,-0.0080,0.0019,-0.0099
2019-11-26 12:46,-0.0089,0.0015,-0.0104
2019-11-26 12:45,-0.0089,0.0018,-0.0107
2019-11-26 12:44,-0.0096,0.0016,-0.0112
2019-11-26 12:43,-0.0105,0.0011,-0.0116
2019-11-26 12:42,-0.0110,0.0009,-0.0119
2019-11-26 12:41,-0.0110,0.0011,-0.0121
2019-11-26 12:40,-0.0128,-0.0004,-0.0124
2019-11-26 12:39,-0.0150,-0.0027,-0.0123
2019-11-26 12:38,-0.0165,-0.0049,-0.0116
2019-11-26 12:37,-0.0167,-0.0063,-0.0104
2019-11-26 12:36,-0.0152,-0.0064,-0.0088
2019-11-26 12:35,-0.0125,-0.0053,-0.0072
2019-11-26 12:34,-0.0104,-0.0046,-0.0058
2019-11-26 12:33,-0.0074,-0.0027,-0.0047
2019-11-26 12:32,-0.0036,0.0004,-0.0040
2019-11-26 12:31,-0.0023,0.0018,-0.0041
2019-11-26 12:30,-0.0037,0.0009,-0.0046
2019-11-26 12:29,-0.0044,0.0004,-0.0048
2019-11-26 12:28,-0.0053,-0.0004,-0.0049
2019-11-26 12:27,-0.0068,-0.0020,-0.0048
2019-11-26 12:26,-0.0066,-0.0023,-0.0043
2019-11-26 12:25,-0.0062,-0.0025,-0.0037
2019-11-26 12:24,-0.0067,-0.0036,-0.0031
2019-11-26 12:23,-0.0066,-0.0044,-0.0022
2019-11-26 12:22,-0.0054,-0.0043,-0.0011
2019-11-26 12:21,-0.0049,-0.0049,-0.0000
2019-11-26 12:20,-0.0031,-0.0043,0.0012
2019-11-26 12:19,-0.0003,-0.0025,0.0023
2019-11-26 12:18,0.0023,-0.0006,0.0029
2019-11-26 12:17,0.0041,0.0010,0.0030
2019-11-26 12:16,0.0053,0.0025,0.0028
2019-11-26 12:15,0.0052,0.0030,0.0022
2019-11-26 12:14,0.0034,0.0020,0.0014
2019-11-26 12:13,0.0017,0.0008,0.0009
2019-11-26 12:12,0.0004,-0.0003,0.0007
2019-11-26 12:11,-0.0001,-0.0009,0.0008
2019-11-26 12:10,-0.0019,-0.0029,0.0010
2019-11-26 12:09,-0.0016,-0.0033,0.0018
2019-11-26 12:08,-0.0017,-0.0043,0.0026
2019-11-26 12:07,-0.0012,-0.0049,0.0037
2019-11-26 12:06,-0.0001,-0.0050,0.0049
2019-11-26 12:05,0.0013,-0.0048,0.0061
2019-11-26 12:04,0.0031,-0.0043,0.0073
2019-11-26 12:03,0.0043,-0.0042,0.0084
2019-11-26 12:02,0.0052,-0.0042,0.0095
2019-11-26 12:01,0.0059,-0.0047,0.0105
2019-11-26 12:00,0.0066,-0.0051,0.0117
2019-11-26 11:59,0.0084,-0.0045,0.0129
2019-11-26 11:58,0.0102,-0.0039,0.0141
2019-11-26 11:57,0.0128,-0.0023,0.0151
2019-11-26 11:56,0.0138,-0.0018,0.0156
2019-11-26 11:55,0.0150,-0.0011,0.0161
2019-11-26 11:54,0.0159,-0.0005,0.0163
2019-11-26 11:52,0.0172,0.0007,0.0165
2019-11-26 11:51,0.0165,0.0002,0.0163
2019-11-26 11:50,0.0154,-0.0008,0.0162
2019-11-26 11:49,0.0149,-0.0016,0.0164
2019-11-26 11:48,0.0152,-0.0016,0.0168
2019-11-26 11:47,0.0146,-0.0026,0.0172
2019-11-26 11:46,0.0152,-0.0027,0.0179
2019-11-26 11:45,0.0152,-0.0033,0.0185
2019-11-26 11:44,0.0155,-0.0038,0.0194
2019-11-26 11:43,0.0167,-0.0036,0.0203
2019-11-26 11:42,0.0180,-0.0032,0.0212
2019-11-26 11:41,0.0199,-0.0021,0.0220
2019-11-26 11:40,0.0205,-0.0021,0.0226
2019-11-26 11:39,0.0209,-0.0022,0.0231
2019-11-26 11:38,0.0202,-0.0034,0.0236
2019-11-26 11:37,0.0199,-0.0045,0.0245
2019-11-26 11:36,0.0209,-0.0047,0.0256
2019-11-26 11:35,0.0233,-0.0035,0.0268
2019-11-26 11:34,0.0245,-0.0032,0.0277
2019-11-26 11:33,0.0252,-0.0033,0.0285
2019-11-26 11:32,0.0272,-0.0021,0.0293
2019-11-26 11:31,0.0294,-0.0004,0.0298
2019-11-26 11:30,0.0303,0.0003,0.0299
2019-11-26 11:29,0.0319,0.0021,0.0298
2019-11-26 11:28,0.0322,0.0028,0.0293
2019-11-26 11:27,0.0319,0.0033,0.0286
2019-11-26 11:26,0.0311,0.0034,0.0278
2019-11-26 11:24,0.0292,0.0022,0.0269
2019-11-26 11:23,0.0267,0.0004,0.0264
2019-11-26 11:22,0.0248,-0.0015,0.0263
2019-11-26 11:21,0.0244,-0.0022,0.0267
2019-11-26 11:20,0.0262,-0.0010,0.0272
2019-11-26 11:19,0.0276,0.0001,0.0275
2019-11-26 11:18,0.0289,0.0015,0.0274
2019-11-26 11:17,0.0266,-0.0004,0.0271
2019-11-26 11:16,0.0262,-0.0009,0.0272
2019-11-26 11:15,0.0276,0.0001,0.0274
2019-11-26 11:14,0.0278,0.0004,0.0274
2019-11-26 11:13,0.0282,0.0010,0.0273
2019-11-26 11:12,0.0294,0.0024,0.0270
2019-11-26 11:11,0.0300,0.0035,0.0264
2019-11-26 11:10,0.0302,0.0047,0.0256
2019-11-26 11:09,0.0291,0.0047,0.0244
2019-11-26 11:08,0.0262,0.0030,0.0232
2019-11-26 11:07,0.0258,0.0034,0.0225
2019-11-26 11:06,0.0254,0.0037,0.0216
2019-11-26 11:05,0.0244,0.0037,0.0207
2019-11-26 11:04,0.0230,0.0032,0.0198
2019-11-26 11:03,0.0206,0.0017,0.0190
2019-11-26 11:02,0.0194,0.0009,0.0185
2019-11-26 11:01,0.0191,0.0008,0.0183
2019-11-26 11:00,0.0184,0.0003,0.0181
2019-11-26 10:59,0.0168,-0.0012,0.0180
2019-11-26 10:58,0.0159,-0.0025,0.0184
2019-11-26 10:56,0.0146,-0.0044,0.0190
2019-11-26 10:55,0.0153,-0.0048,0.0201
2019-11-26 10:54,0.0169,-0.0043,0.0213
2019-11-26 10:53,0.0178,-0.0045,0.0224
2019-11-26 10:52,0.0202,-0.0033,0.0235
2019-11-26 10:51,0.0229,-0.0014,0.0243
2019-11-26 10:50,0.0235,-0.0011,0.0247
2019-11-26 10:49,0.0244,-0.0005,0.0250
2019-11-26 10:48,0.0243,-0.0008,0.0251
2019-11-26 10:47,0.0242,-0.0011,0.0253
2019-11-26 10:46,0.0258,0.0003,0.0256
2019-11-26 10:45,0.0285,0.0030,0.0255
2019-11-26 10:44,0.0299,0.0052,0.0247
2019-11-26 10:43,0.0309,0.0074,0.0234
2019-11-26 10:42,0.0286,0.0070,0.0216
2019-11-26 10:41,0.0257,0.0059,0.0198
2019-11-26 10:40,0.0232,0.0048,0.0184
2019-11-26 10:39,0.0207,0.0036,0.0172
2019-11-26 10:38,0.0203,0.0040,0.0163
2019-11-26 10:37,0.0205,0.0052,0.0153
2019-11-26 10:36,0.0184,0.0044,0.0140
2019-11-26 10:35,0.0159,0.0031,0.0128
2019-11-26 10:34,0.0141,0.0020,0.0121
2019-11-26 10:33,0.0121,0.0005,0.0116
2019-11-26 10:32,0.0109,-0.0006,0.0114
2019-11-26 10:31,0.0096,-0.0019,0.0116
2019-11-26 10:30,0.0105,-0.0016,0.0121
2019-11-26 10:29,0.0089,-0.0036,0.0124
2019-11-26 10:28,0.0092,-0.0041,0.0133
2019-11-26 10:27,0.0118,-0.0026,0.0144
2019-11-26 10:26,0.0126,-0.0024,0.0150
2019-11-26 10:25,0.0140,-0.0016,0.0156
2019-11-26 10:24,0.0141,-0.0020,0.0161
2019-11-26 10:23,0.0149,-0.0016,0.0165
2019-11-26 10:22,0.0148,-0.0021,0.0170
2019-11-26 10:21,0.0135,-0.0040,0.0175
2019-11-26 10:20,0.0131,-0.0054,0.0185
2019-11-26 10:19,0.0134,-0.0065,0.0198
2019-11-26 10:18,0.0125,-0.0090,0.0215
2019-11-26 10:17,0.0108,-0.0129,0.0237
2019-11-26 10:16,0.0114,-0.0155,0.0269
2019-11-26 10:15,0.0146,-0.0162,0.0308
2019-11-26 10:14,0.0216,-0.0133,0.0349
2019-11-26 10:13,0.0276,-0.0106,0.0382
2019-11-26 10:12,0.0334,-0.0075,0.0408
2019-11-26 10:11,0.0397,-0.0030,0.0427
2019-11-26 10:10,0.0428,-0.0006,0.0434
2019-11-26 10:09,0.0469,0.0033,0.0436
2019-11-26 10:08,0.0500,0.0072,0.0428
2019-11-26 10:07,0.0512,0.0102,0.0410
2019-11-26 10:06,0.0479,0.0094,0.0384
2019-11-26 10:05,0.0460,0.0100,0.0361
2019-11-26 10:04,0.0430,0.0094,0.0336
2019-11-26 10:03,0.0406,0.0094,0.0312
2019-11-26 10:02,0.0389,0.0100,0.0289
2019-11-26 10:01,0.0353,0.0089,0.0264
2019-11-26 10:00,0.0311,0.0070,0.0241
2019-11-26 09:59,0.0273,0.0050,0.0224
2019-11-26 09:58,0.0235,0.0024,0.0211
2019-11-26 09:57,0.0220,0.0015,0.0205
2019-11-26 09:56,0.0208,0.0006,0.0202
2019-11-26 09:55,0.0203,0.0003,0.0200
2019-11-26 09:54,0.0170,-0.0029,0.0199
2019-11-26 09:53,0.0135,-0.0071,0.0207
2019-11-26 09:52,0.0110,-0.0115,0.0224
2019-11-26 09:51,0.0126,-0.0127,0.0253
2019-11-26 09:50,0.0165,-0.0120,0.0285
2019-11-26 09:49,0.0203,-0.0112,0.0315
2019-11-26 09:48,0.0258,-0.0085,0.0343
2019-11-26 09:47,0.0263,-0.0101,0.0364
2019-11-26 09:46,0.0318,-0.0072,0.0390
2019-11-26 09:45,0.0357,-0.0051,0.0408
2019-11-26 09:44,0.0396,-0.0024,0.0420
2019-11-26 09:43,0.0436,0.0010,0.0426
2019-11-26 09:42,0.0476,0.0052,0.0424
2019-11-26 09:41,0.0499,0.0088,0.0411
2019-11-26 09:40,0.0516,0.0127,0.0389
2019-11-26 09:39,0.0489,0.0132,0.0357
2019-11-26 09:38,0.0439,0.0115,0.0324
2019-11-26 09:37,0.0413,0.0118,0.0296
2019-11-26 09:36,0.0354,0.0088,0.0266
2019-11-26 09:35,0.0309,0.0065,0.0244
2019-11-26 09:34,0.0283,0.0055,0.0228
2019-11-26 09:33,0.0291,0.0076,0.0214
2019-11-26 09:32,0.0307,0.0112,0.0195
2019-11-26 09:31,0.0233,0.0065,0.0167
2019-11-25 16:00,0.0159,0.0008,0.0151
2019-11-25 15:59,0.0185,0.0036,0.0149
2019-11-25 15:58,0.0205,0.0064,0.0140
2019-11-25 15:57,0.0186,0.0062,0.0124
2019-11-25 15:56,0.0196,0.0088,0.0108
2019-11-25 15:55,0.0144,0.0058,0.0087
2019-11-25 15:54,0.0127,0.0055,0.0072
2019-11-25 15:53,0.0104,0.0045,0.0058
2019-11-25 15:52,0.0077,0.0030,0.0047
2019-11-25 15:51,0.0067,0.0028,0.0040
2019-11-25 15:50,0.0074,0.0042,0.0033
2019-11-25 15:49,0.0052,0.0029,0.0022
2019-11-25 15:48,0.0022,0.0007,0.0015
2019-11-25 15:47,0.0014,0.0001,0.0013
2019-11-25 15:46,0.0004,-0.0009,0.0013
2019-11-25 15:45,-0.0003,-0.0018,0.0015
2019-11-25 15:44,-0.0003,-0.0023,0.0020
2019-11-25 15:43,0.0008,-0.0018,0.0025
2019-11-25 15:42,0.0006,-0.0024,0.0030
2019-11-25 15:41,0.0004,-0.0032,0.0036
2019-11-25 15:40,0.0006,-0.0038,0.0043
2019-11-25 15:39,0.0024,-0.0029,0.0053
2019-11-25 15:38,0.0051,-0.0009,0.0060
2019-11-25 15:37,0.0061,-0.0002,0.0062
2019-11-25 15:36,0.0071,0.0009,0.0063
2019-11-25 15:35,0.0084,0.0024,0.0061
2019-11-25 15:34,0.0089,0.0034,0.0055
2019-11-25 15:33,0.0083,0.0037,0.0046
2019-11-25 15:32,0.0060,0.0023,0.0037
2019-11-25 15:31,0.0060,0.0029,0.0031
2019-11-25 15:30,0.0038,0.0015,0.0024
2019-11-25 15:29,0.0036,0.0016,0.0020
2019-11-25 15:28,0.0027,0.0011,0.0016
2019-11-25 15:27,0.0016,0.0002,0.0013
2019-11-25 15:26,0.0003,-0.0010,0.0013
2019-11-25 15:25,-0.0006,-0.0021,0.0015
2019-11-25 15:24,-0.0011,-0.0032,0.0020
2019-11-25 15:23,-0.0018,-0.0046,0.0028
2019-11-25 15:22,-0.0016,-0.0056,0.0040
2019-11-25 15:21,-0.0014,-0.0068,0.0054
2019-11-25 15:20,-0.0006,-0.0077,0.0071
2019-11-25 15:19,0.0025,-0.0065,0.0090
2019-11-25 15:18,0.0054,-0.0052,0.0106
2019-11-25 15:17,0.0091,-0.0029,0.0120
2019-11-25 15:16,0.0115,-0.0012,0.0127
2019-11-25 15:15,0.0130,0.0000,0.0130
2019-11-25 15:14,0.0131,0.0001,0.0130
2019-11-25 15:13,0.0131,0.0001,0.0129
2019-11-25 15:12,0.0128,-0.0000,0.0129
2019-11-25 15:11,0.0144,0.0015,0.0129
2019-11-25 15:10,0.0152,0.0027,0.0125
2019-11-25 15:09,0.0159,0.0041,0.0119
2019-11-25 15:08,0.0162,0.0053,0.0108
2019-11-25 15:07,0.0152,0.0057,0.0095
2019-11-25 15:06,0.0138,0.0057,0.0081
2019-11-25 15:05,0.0122,0.0056,0.0067
2019-11-25 15:04,0.0091,0.0038,0.0053
2019-11-25 15:03,0.0059,0.0016,0.0043
2019-11-25 15:02,0.0049,0.0010,0.0039
2019-11-25 15:01,0.0045,0.0008,0.0037
2019-11-25 15:00,0.0040,0.0005,0.0035
2019-11-25 14:59,0.0042,0.0009,0.0033
2019-11-25 14:58,0.0039,0.0007,0.0031
2019-11-25 14:57,0.0035,0.0005,0.0029
2019-11-25 14:56,0.0029,0.0001,0.0028
2019-11-25 14:55,0.0021,-0.0007,0.0028
2019-11-25 14:54,0.0015,-0.0015,0.0030
2019-11-25 14:53,0.0008,-0.0026,0.0033
2019-11-25 14:52,0.0009,-0.0031,0.0040
2019-11-25 14:51,0.0015,-0.0032,0.0047
2019-11-25 14:50,0.0023,-0.0032,0.0055
2019-11-25 14:49,0.0038,-0.0026,0.0063
2019-11-25 14:48,0.0051,-0.0019,0.0070
2019-11-25 14:47,0.0072,-0.0002,0.0075
2019-11-25 14:46,0.0073,-0.0002,0.0075
2019-11-25 14:45,0.0083,0.0007,0.0076
2019-11-25 14:44,0.0085,0.0011,0.0074
2019-11-25 14:43,0.0085,0.0014,0.0071
2019-11-25 14:42,0.0085,0.0017,0.0068
2019-11-25 14:41,0.0083,0.0020,0.0063
2019-11-25 14:40,0.0079,0.0021,0.0058
2019-11-25 14:39,0.0078,0.0025,0.0053
2019-11-25 14:38,0.0068,0.0021,0.0047
2019-11-25 14:37,0.0062,0.0020,0.0042
2019-11-25 14:36,0.0043,0.0006,0.0037
2019-11-25 14:35,0.0029,-0.0007,0.0036
2019-11-25 14:34,0.0020,-0.0017,0.0037
2019-11-25 14:33,0.0014,-0.0027,0.0041
2019-11-25 14:32,0.0022,-0.0026,0.0048
2019-11-25 14:31,0.0026,-0.0029,0.0055
2019-11-25 14:30,0.0036,-0.0026,0.0062
2019-11-25 14:29,0.0038,-0.0031,0.0069
2019-11-25 14:28,0.0050,-0.0026,0.0076
2019-11-25 14:27,0.0062,-0.0020,0.0083
2019-11-25 14:26,0.0080,-0.0008,0.0088
2019-11-25 14:25,0.0091,0.0001,0.0090
2019-11-25 14:24,0.0088,-0.0002,0.0090
2019-11-25 14:23,0.0088,-0.0002,0.0090
2019-11-25 14:22,0.0087,-0.0004,0.0091
2019-11-25 14:21,0.0090,-0.0002,0.0092
2019-11-25 14:20,0.0092,0.0000,0.0092
2019-11-25 14:19,0.0089,-0.0004,0.0092
2019-11-25 14:18,0.0077,-0.0016,0.0093
2019-11-25 14:17,0.0067,-0.0030,0.0097
2019-11-25 14:16,0.0067,-0.0038,0.0105
2019-11-25 14:15,0.0077,-0.0037,0.0114
2019-11-25 14:14,0.0094,-0.0029,0.0123
2019-11-25 14:13,0.0104,-0.0026,0.0131
2019-11-25 14:12,0.0111,-0.0026,0.0137
2019-11-25 14:11,0.0123,-0.0021,0.0144
2019-11-25 14:10,0.0131,-0.0018,0.0149
2019-11-25 14:09,0.0137,-0.0017,0.0153
2019-11-25 14:08,0.0145,-0.0013,0.0158
2019-11-25 14:07,0.0158,-0.0003,0.0161
2019-11-25 14:06,0.0168,0.0007,0.0161
2019-11-25 14:05,0.0168,0.0008,0.0160
2019-11-25 14:04,0.0150,-0.0008,0.0158
2019-11-25 14:03,0.0145,-0.0015,0.0160
2019-11-25 14:02,0.0147,-0.0017,0.0163
2019-11-25 14:01,0.0138,-0.0030,0.0168
2019-11-25 14:00,0.0139,-0.0036,0.0175
2019-11-25 13:59,0.0143,-0.0041,0.0184
2019-11-25 13:58,0.0157,-0.0037,0.0194
2019-11-25 13:57,0.0172,-0.0032,0.0204
2019-11-25 13:56,0.0179,-0.0033,0.0212
2019-11-25 13:55,0.0195,-0.0025,0.0220
2019-11-25 13:54,0.0197,-0.0029,0.0226
2019-11-25 13:53,0.0197,-0.0036,0.0233
2019-11-25 13:52,0.0204,-0.0038,0.0243
2019-11-25 13:51,0.0216,-0.0036,0.0252
2019-11-25 13:50,0.0238,-0.0023,0.0261
2019-11-25 13:49,0.0242,-0.0025,0.0267
2019-11-25 13:48,0.0259,-0.0014,0.0273
2019-11-25 13:47,0.0266,-0.0010,0.0277
2019-11-25 13:46,0.0277,-0.0002,0.0279
2019-11-25 13:45,0.0287,0.0007,0.0280
2019-11-25 13:44,0.0296,0.0018,0.0278
2019-11-25 13:43,0.0302,0.0029,0.0274
2019-11-25 13:42,0.0301,0.0035,0.0267
2019-11-25 13:41,0.0290,0.0032,0.0258
2019-11-25 13:40,0.0282,0.0032,0.0250
2019-11-25 13:39,0.0268,0.0026,0.0242
2019-11-25 13:38,0.0262,0.0027,0.0235
2019-11-25 13:37,0.0252,0.0023,0.0229
2019-11-25 13:36,0.0238,0.0016,0.0223
2019-11-25 13:35,0.0243,0.0024,0.0219
2019-11-25 13:34,0.0240,0.0027,0.0213
2019-11-25 13:33,0.0264,0.0058,0.0206
2019-11-25 13:32,0.0254,0.0063,0.0192
2019-11-25 13:31,0.0233,0.0058,0.0176
2019-11-25 13:30,0.0214,0.0052,0.0161
2019-11-25 13:29,0.0195,0.0047,0.0148
2019-11-25 13:28,0.0175,0.0039,0.0137
2019-11-25 13:27,0.0166,0.0039,0.0127
2019-11-25 13:26,0.0158,0.0041,0.0117
2019-11-25 13:25,0.0139,0.0032,0.0107
2019-11-25 13:24,0.0124,0.0025,0.0099
2019-11-25 13:23,0.0113,0.0021,0.0093
2019-11-25 13:22,0.0103,0.0016,0.0087
2019-11-25 13:21,0.0098,0.0015,0.0083
2019-11-25 13:20,0.0096,0.0016,0.0080
2019-11-25 13:19,0.0112,0.0036,0.0076
2019-11-25 13:18,0.0105,0.0039,0.0067
2019-11-25 13:17,0.0100,0.0043,0.0057
2019-11-25 13:16,0.0098,0.0052,0.0046
2019-11-25 13:15,0.0093,0.0059,0.0033
2019-11-25 13:14,0.0080,0.0061,0.0018
2019-11-25 13:13,0.0057,0.0054,0.0003
2019-11-25 13:12,0.0038,0.0048,-0.0011
2019-11-25 13:11,0.0022,0.0045,-0.0023
2019-11-25 13:10,0.0002,0.0037,-0.0034
2019-11-25 13:09,-0.0004,0.0040,-0.0043
2019-11-25 13:08,-0.0015,0.0038,-0.0053
2019-11-25 13:07,-0.0025,0.0038,-0.0063
2019-11-25 13:06,-0.0041,0.0031,-0.0072
2019-11-25 13:05,-0.0067,0.0013,-0.0080
2019-11-25 13:04,-0.0088,-0.0005,-0.0083
2019-11-25 13:03,-0.0095,-0.0013,-0.0082
2019-11-25 13:02,-0.0097,-0.0018,-0.0078
2019-11-25 13:01,-0.0103,-0.0029,-0.0074
2019-11-25 13:00,-0.0098,-0.0032,-0.0067
2019-11-25 12:59,-0.0092,-0.0033,-0.0059
2019-11-25 12:58,-0.0086,-0.0036,-0.0050
2019-11-25 12:57,-0.0074,-0.0032,-0.0041
2019-11-25 12:56,-0.0066,-0.0033,-0.0033
2019-11-25 12:55,-0.0051,-0.0026,-0.0025
2019-11-25 12:54,-0.0036,-0.0017,-0.0019
2019-11-25 12:53,-0.0026,-0.0012,-0.0014
2019-11-25 12:52,-0.0014,-0.0002,-0.0011
2019-11-25 12:51,-0.0002,0.0008,-0.0011
2019-11-25 12:50,-0.0006,0.0007,-0.0013
2019-11-25 12:49,-0.0007,0.0007,-0.0014
2019-11-25 12:48,-0.0017,-0.0001,-0.0016
2019-11-25 12:47,-0.0032,-0.0016,-0.0016
2019-11-25 12:46,-0.0040,-0.0028,-0.0012
2019-11-25 12:45,-0.0045,-0.0040,-0.0005
2019-11-25 12:44,-0.0040,-0.0045,0.0005
2019-11-25 12:43,-0.0028,-0.0044,0.0017
2019-11-25 12:42,-0.0017,-0.0045,0.0028
2019-11-25 12:41,-0.0003,-0.0042,0.0039
2019-11-25 12:40,0.0004,-0.0045,0.0050
2019-11-25 12:39,0.0029,-0.0032,0.0061
2019-11-25 12:38,0.0055,-0.0014,0.0069
2019-11-25 12:37,0.0067,-0.0005,0.0073
2019-11-25 12:36,0.0082,0.0008,0.0074
2019-11-25 12:35,0.0104,0.0032,0.0072
2019-11-25 12:34,0.0106,0.0042,0.0064
2019-11-25 12:33,0.0106,0.0053,0.0054
2019-11-25 12:32,0.0090,0.0050,0.0040
2019-11-25 12:31,0.0073,0.0045,0.0028
2019-11-25 12:30,0.0051,0.0034,0.0017
2019-11-25 12:29,0.0032,0.0024,0.0008
2019-11-25 12:28,0.0023,0.0021,0.0002
2019-11-25 12:27,0.0010,0.0013,-0.0003
2019-11-25 12:26,0.0004,0.0011,-0.0006
2019-11-25 12:25,-0.0013,-0.0004,-0.0009
2019-11-25 12:24,-0.0016,-0.0008,-0.0008
2019-11-25 12:23,-0.0008,-0.0002,-0.0006
2019-11-25 12:22,-0.0015,-0.0009,-0.0005
2019-11-25 12:21,-0.0022,-0.0019,-0.0003
2019-11-25 12:20,-0.0020,-0.0022,0.0002
2019-11-25 12:19,-0.0022,-0.0029,0.0007
2019-11-25 12:18,-0.0015,-0.0030,0.0014
2019-11-25 12:17,-0.0011,-0.0033,0.0022
2019-11-25 12:16,-0.0006,-0.0036,0.0030
2019-11-25 12:15,0.0002,-0.0037,0.0039
2019-11-25 12:14,0.0022,-0.0026,0.0048
2019-11-25 12:13,0.0031,-0.0024,0.0055
2019-11-25 12:12,0.0042,-0.0019,0.0061
2019-11-25 12:11,0.0046,-0.0020,0.0065
2019-11-25 12:10,0.0044,-0.0026,0.0070
2019-11-25 12:09,0.0037,-0.0040,0.0077
2019-11-25 12:08,0.0032,-0.0055,0.0087
2019-11-25 12:07,0.0041,-0.0060,0.0100
2019-11-25 12:06,0.0061,-0.0054,0.0115
2019-11-25 12:05,0.0080,-0.0048,0.0129
2019-11-25 12:04,0.0103,-0.0038,0.0141
2019-11-25 12:03,0.0134,-0.0017,0.0150
2019-11-25 12:02,0.0154,-0.0001,0.0155
2019-11-25 12:01,0.0157,0.0002,0.0155
2019-11-25 12:00,0.0154,-0.0000,0.0154
2019-11-25 11:59,0.0153,-0.0001,0.0154
2019-11-25 11:58,0.0160,0.0005,0.0154
2019-11-25 11:56,0.0166,0.0013,0.0153
2019-11-25 11:55,0.0162,0.0012,0.0150
2019-11-25 11:54,0.0155,0.0008,0.0147
2019-11-25 11:53,0.0163,0.0017,0.0145
2019-11-25 11:52,0.0155,0.0014,0.0141
2019-11-25 11:51,0.0138,0.0001,0.0137
2019-11-25 11:50,0.0129,-0.0008,0.0137
2019-11-25 11:49,0.0131,-0.0008,0.0139
2019-11-25 11:48,0.0137,-0.0004,0.0141
2019-11-25 11:47,0.0138,-0.0004,0.0142
2019-11-25 11:46,0.0142,-0.0001,0.0143
2019-11-25 11:45,0.0150,0.0006,0.0144
2019-11-25 11:44,0.0169,0.0026,0.0142
2019-11-25 11:43,0.0180,0.0044,0.0136
2019-11-25 11:42,0.0191,0.0066,0.0125
2019-11-25 11:41,0.0192,0.0085,0.0108
2019-11-25 11:40,0.0192,0.0105,0.0087
2019-11-25 11:39,0.0183,0.0122,0.0061
2019-11-25 11:38,0.0148,0.0118,0.0030
2019-11-25 11:37,0.0107,0.0107,0.0001
2019-11-25 11:36,0.0074,0.0100,-0.0026
2019-11-25 11:35,0.0035,0.0086,-0.0051
2019-11-25 11:34,0.0016,0.0089,-0.0073
2019-11-25 11:33,-0.0014,0.0081,-0.0095
2019-11-25 11:32,-0.0025,0.0090,-0.0115
2019-11-25 11:31,-0.0045,0.0092,-0.0138
2019-11-25 11:29,-0.0076,0.0084,-0.0161
2019-11-25 11:28,-0.0099,0.0083,-0.0182
2019-11-25 11:27,-0.0121,0.0081,-0.0202
2019-11-25 11:26,-0.0153,0.0070,-0.0223
2019-11-25 11:25,-0.0171,0.0069,-0.0240
2019-11-25 11:24,-0.0208,0.0050,-0.0257
2019-11-25 11:23,-0.0231,0.0039,-0.0270
2019-11-25 11:22,-0.0267,0.0013,-0.0280
2019-11-25 11:21,-0.0293,-0.0010,-0.0283
2019-11-25 11:20,-0.0308,-0.0027,-0.0280
2019-11-25 11:19,-0.0327,-0.0053,-0.0273
2019-11-25 11:18,-0.0339,-0.0079,-0.0260
2019-11-25 11:17,-0.0327,-0.0086,-0.0240
2019-11-25 11:16,-0.0306,-0.0087,-0.0219
2019-11-25 11:15,-0.0295,-0.0098,-0.0197
2019-11-25 11:14,-0.0288,-0.0115,-0.0172
2019-11-25 11:13,-0.0268,-0.0125,-0.0144
2019-11-25 11:12,-0.0245,-0.0133,-0.0112
2019-11-25 11:11,-0.0212,-0.0133,-0.0079
2019-11-25 11:10,-0.0177,-0.0131,-0.0046
2019-11-25 11:09,-0.0134,-0.0121,-0.0013
2019-11-25 11:08,-0.0083,-0.0101,0.0017
2019-11-25 11:07,-0.0043,-0.0085,0.0042
2019-11-25 11:06,-0.0025,-0.0089,0.0063
2019-11-25 11:05,0.0022,-0.0064,0.0086
2019-11-25 11:04,0.0057,-0.0045,0.0102
2019-11-25 11:03,0.0100,-0.0012,0.0113
2019-11-25 11:02,0.0134,0.0019,0.0116
2019-11-25 11:01,0.0127,0.0016,0.0111
2019-11-25 11:00,0.0124,0.0017,0.0107
2019-11-25 10:59,0.0119,0.0016,0.0103
2019-11-25 10:58,0.0120,0.0021,0.0099
2019-11-25 10:57,0.0145,0.0051,0.0094
2019-11-25 10:56,0.0159,0.0078,0.0081
2019-11-25 10:55,0.0160,0.0099,0.0062
2019-11-25 10:54,0.0134,0.0097,0.0037
2019-11-25 10:53,0.0109,0.0096,0.0012
2019-11-25 10:52,0.0084,0.0096,-0.0012
2019-11-25 10:51,0.0042,0.0078,-0.0036
2019-11-25 10:50,0.0013,0.0068,-0.0055
2019-11-25 10:49,-0.0003,0.0069,-0.0072
2019-11-25 10:48,-0.0008,0.0081,-0.0089
2019-11-25 10:47,-0.0005,0.0104,-0.0110
2019-11-25 10:46,-0.0001,0.0135,-0.0136
2019-11-25 10:45,-0.0016,0.0153,-0.0169
2019-11-25 10:44,-0.0045,0.0162,-0.0208
2019-11-25 10:43,-0.0092,0.0156,-0.0248
2019-11-25 10:42,-0.0141,0.0147,-0.0287
2019-11-25 10:41,-0.0179,0.0145,-0.0324
2019-11-25 10:40,-0.0216,0.0144,-0.0360
2019-11-25 10:39,-0.0250,0.0147,-0.0396
2019-11-25 10:38,-0.0310,0.0123,-0.0433
2019-11-25 10:37,-0.0361,0.0102,-0.0464
2019-11-25 10:36,-0.0399,0.0091,-0.0489
2019-11-25 10:35,-0.0434,0.0079,-0.0512
2019-11-25 10:34,-0.0466,0.0065,-0.0532
2019-11-25 10:33,-0.0486,0.0062,-0.0548
2019-11-25 10:32,-0.0495,0.0069,-0.0563
2019-11-25 10:31,-0.0498,0.0083,-0.0581
2019-11-25 10:30,-0.0526,0.0076,-0.0601
2019-11-25 10:29,-0.0553,0.0067,-0.0620
2019-11-25 10:28,-0.0580,0.0057,-0.0637
2019-11-25 10:27,-0.0606,0.0045,-0.0651
2019-11-25 10:26,-0.0635,0.0027,-0.0662
2019-11-25 10:25,-0.0660,0.0009,-0.0669
2019-11-25 10:24,-0.0685,-0.0014,-0.0672
2019-11-25 10:23,-0.0693,-0.0025,-0.0668
2019-11-25 10:22,-0.0697,-0.0035,-0.0662
2019-11-25 10:21,-0.0698,-0.0045,-0.0653
2019-11-25 10:20,-0.0694,-0.0052,-0.0642
2019-11-25 10:19,-0.0673,-0.0044,-0.0629
2019-11-25 10:18,-0.0666,-0.0048,-0.0618
2019-11-25 10:17,-0.0664,-0.0058,-0.0606
2019-11-25 10:16,-0.0683,-0.0091,-0.0592
2019-11-25 10:15,-0.0701,-0.0133,-0.0569
2019-11-25 10:14,-0.0695,-0.0159,-0.0536
2019-11-25 10:13,-0.0671,-0.0175,-0.0496
2019-11-25 10:12,-0.0636,-0.0184,-0.0452
2019-11-25 10:11,-0.0582,-0.0176,-0.0406
2019-11-25 10:10,-0.0536,-0.0174,-0.0362
2019-11-25 10:09,-0.0489,-0.0170,-0.0319
2019-11-25 10:08,-0.0463,-0.0187,-0.0276
2019-11-25 10:07,-0.0423,-0.0193,-0.0229
2019-11-25 10:06,-0.0370,-0.0189,-0.0181
2019-11-25 10:05,-0.0308,-0.0175,-0.0134
2019-11-25 10:04,-0.0230,-0.0140,-0.0090
2019-11-25 10:03,-0.0157,-0.0101,-0.0055
2019-11-25 10:02,-0.0092,-0.0062,-0.0030
2019-11-25 10:01,-0.0079,-0.0064,-0.0014
2019-11-25 10:00,-0.0061,-0.0063,0.0002
2019-11-25 09:59,-0.0058,-0.0075,0.0017
2019-11-25 09:58,-0.0043,-0.0079,0.0036
2019-11-25 09:57,-0.0002,-0.0058,0.0056
2019-11-25 09:56,0.0039,-0.0032,0.0070
2019-11-25 09:55,0.0055,-0.0023,0.0078
2019-11-25 09:54,0.0029,-0.0055,0.0084
2019-11-25 09:53,0.0017,-0.0081,0.0098
2019-11-25 09:52,0.0005,-0.0113,0.0118
2019-11-25 09:51,-0.0005,-0.0151,0.0146
2019-11-25 09:50,-0.0027,-0.0211,0.0184
2019-11-25 09:49,0.0005,-0.0231,0.0237
2019-11-25 09:48,0.0057,-0.0238,0.0295
2019-11-25 09:47,0.0132,-0.0222,0.0354
2019-11-25 09:46,0.0227,-0.0183,0.0409
2019-11-25 09:45,0.0318,-0.0137,0.0455
2019-11-25 09:44,0.0415,-0.0074,0.0489
2019-11-25 09:43,0.0462,-0.0045,0.0508
2019-11-25 09:42,0.0525,0.0006,0.0519
2019-11-25 09:41,0.0593,0.0075,0.0517
2019-11-25 09:40,0.0665,0.0167,0.0498
2019-11-25 09:39,0.0718,0.0261,0.0457
2019-11-25 09:38,0.0693,0.0302,0.0391
2019-11-25 09:37,0.0631,0.0315,0.0316
2019-11-25 09:36,0.0583,0.0345,0.0237
2019-11-25 09:35,0.0503,0.0352,0.0151
2019-11-25 09:34,0.0394,0.0331,0.0063
2019-11-25 09:33,0.0218,0.0238,-0.0020
2019-11-25 09:31,0.0001,0.0080,-0.0079
2019-11-22 16:00,-0.0185,-0.0086,-0.0099
2019-11-22 15:59,-0.0164,-0.0087,-0.0078
2019-11-22 15:58,-0.0136,-0.0080,-0.0056
2019-11-22 15:57,-0.0098,-0.0062,-0.0036
2019-11-22 15:56,-0.0063,-0.0042,-0.0021
2019-11-22 15:55,-0.0017,-0.0007,-0.0010
2019-11-22 15:54,0.0000,0.0008,-0.0008
2019-11-22 15:53,0.0017,0.0028,-0.0010
2019-11-22 15:52,0.0029,0.0046,-0.0017
2019-11-22 15:51,0.0018,0.0047,-0.0029
2019-11-22 15:50,0.0019,0.0060,-0.0041
2019-11-22 15:49,-0.0000,0.0055,-0.0056
2019-11-22 15:48,-0.0025,0.0044,-0.0069
2019-11-22 15:47,-0.0041,0.0040,-0.0081
2019-11-22 15:46,-0.0056,0.0035,-0.0090
2019-11-22 15:45,-0.0063,0.0036,-0.0099
2019-11-22 15:44,-0.0083,0.0025,-0.0108
2019-11-22 15:43,-0.0096,0.0019,-0.0114
2019-11-22 15:42,-0.0121,-0.0002,-0.0119
2019-11-22 15:41,-0.0121,-0.0003,-0.0118
2019-11-22 15:40,-0.0120,-0.0002,-0.0118
2019-11-22 15:39,-0.0121,-0.0004,-0.0117
2019-11-22 15:38,-0.0126,-0.0010,-0.0116
2019-11-22 15:37,-0.0131,-0.0018,-0.0113
2019-11-22 15:36,-0.0146,-0.0037,-0.0109
2019-11-22 15:35,-0.0126,-0.0026,-0.0100
2019-11-22 15:34,-0.0120,-0.0026,-0.0093
2019-11-22 15:33,-0.0115,-0.0028,-0.0087
2019-11-22 15:32,-0.0112,-0.0032,-0.0080
2019-11-22 15:31,-0.0096,-0.0025,-0.0072
2019-11-22 15:30,-0.0081,-0.0015,-0.0065
2019-11-22 15:29,-0.0069,-0.0008,-0.0062
2019-11-22 15:28,-0.0069,-0.0010,-0.0060
2019-11-22 15:27,-0.0080,-0.0023,-0.0057
2019-11-22 15:26,-0.0076,-0.0024,-0.0052
2019-11-22 15:25,-0.0074,-0.0029,-0.0046
2019-11-22 15:24,-0.0066,-0.0028,-0.0038
2019-11-22 15:23,-0.0065,-0.0033,-0.0031
2019-11-22 15:22,-0.0068,-0.0044,-0.0023
2019-11-22 15:21,-0.0055,-0.0043,-0.0012
2019-11-22 15:20,-0.0053,-0.0051,-0.0001
2019-11-22 15:19,-0.0049,-0.0061,0.0012
2019-11-22 15:18,-0.0029,-0.0056,0.0027
2019-11-22 15:17,-0.0008,-0.0049,0.0041
2019-11-22 15:16,0.0009,-0.0044,0.0053
2019-11-22 15:15,0.0018,-0.0046,0.0064
2019-11-22 15:14,0.0036,-0.0039,0.0076
2019-11-22 15:13,0.0055,-0.0031,0.0085
2019-11-22 15:12,0.0067,-0.0026,0.0093
2019-11-22 15:11,0.0056,-0.0044,0.0100
2019-11-22 15:10,0.0064,-0.0046,0.0111
2019-11-22 15:09,0.0076,-0.0046,0.0122
2019-11-22 15:08,0.0086,-0.0048,0.0134
2019-11-22 15:07,0.0101,-0.0044,0.0146
2019-11-22 15:06,0.0120,-0.0037,0.0157
2019-11-22 15:05,0.0122,-0.0045,0.0166
2019-11-22 15:04,0.0137,-0.0040,0.0177
2019-11-22 15:03,0.0155,-0.0033,0.0187
2019-11-22 15:02,0.0175,-0.0020,0.0196
2019-11-22 15:01,0.0182,-0.0018,0.0201
2019-11-22 15:00,0.0185,-0.0020,0.0205
2019-11-22 14:59,0.0185,-0.0025,0.0210
2019-11-22 14:58,0.0204,-0.0013,0.0217
2019-11-22 14:57,0.0217,-0.0003,0.0220
2019-11-22 14:56,0.0228,0.0007,0.0221
2019-11-22 14:55,0.0221,0.0002,0.0219
2019-11-22 14:54,0.0231,0.0013,0.0218
2019-11-22 14:53,0.0236,0.0021,0.0215
2019-11-22 14:52,0.0244,0.0034,0.0210
2019-11-22 14:51,0.0240,0.0039,0.0201
2019-11-22 14:50,0.0231,0.0040,0.0191
2019-11-22 14:49,0.0221,0.0040,0.0181
2019-11-22 14:48,0.0217,0.0045,0.0171
2019-11-22 14:47,0.0202,0.0042,0.0160
2019-11-22 14:46,0.0176,0.0027,0.0149
2019-11-22 14:45,0.0150,0.0007,0.0143
2019-11-22 14:44,0.0120,-0.0021,0.0141
2019-11-22 14:43,0.0105,-0.0042,0.0146
2019-11-22 14:42,0.0100,-0.0057,0.0157
2019-11-22 14:41,0.0116,-0.0054,0.0171
2019-11-22 14:40,0.0137,-0.0048,0.0184
2019-11-22 14:39,0.0155,-0.0041,0.0196
2019-11-22 14:38,0.0172,-0.0035,0.0207
2019-11-22 14:37,0.0195,-0.0020,0.0215
2019-11-22 14:36,0.0202,-0.0018,0.0220
2019-11-22 14:35,0.0193,-0.0032,0.0225
2019-11-22 14:34,0.0199,-0.0034,0.0233
2019-11-22 14:33,0.0224,-0.0017,0.0241
2019-11-22 14:32,0.0237,-0.0009,0.0245
2019-11-22 14:31,0.0250,0.0002,0.0248
2019-11-22 14:30,0.0258,0.0011,0.0247
2019-11-22 14:29,0.0260,0.0016,0.0244
2019-11-22 14:28,0.0264,0.0023,0.0240
2019-11-22 14:27,0.0274,0.0040,0.0235
2019-11-22 14:26,0.0279,0.0055,0.0225
2019-11-22 14:25,0.0266,0.0055,0.0211
2019-11-22 14:24,0.0255,0.0058,0.0197
2019-11-22 14:23,0.0238,0.0055,0.0183
2019-11-22 14:22,0.0232,0.0063,0.0169
2019-11-22 14:21,0.0207,0.0053,0.0153
2019-11-22 14:20,0.0187,0.0047,0.0140
2019-11-22 14:19,0.0168,0.0040,0.0128
2019-11-22 14:18,0.0168,0.0049,0.0118
2019-11-22 14:17,0.0165,0.0059,0.0106
2019-11-22 14:16,0.0154,0.0062,0.0091
2019-11-22 14:15,0.0147,0.0071,0.0076
2019-11-22 14:14,0.0132,0.0073,0.0058
2019-11-22 14:13,0.0120,0.0080,0.0040
2019-11-22 14:12,0.0094,0.0074,0.0020
2019-11-22 14:11,0.0058,0.0057,0.0001
2019-11-22 14:10,0.0023,0.0035,-0.0013
2019-11-22 14:09,-0.0008,0.0014,-0.0022
2019-11-22 14:08,-0.0032,-0.0007,-0.0025
2019-11-22 14:07,-0.0041,-0.0018,-0.0023
2019-11-22 14:06,-0.0048,-0.0029,-0.0019
2019-11-22 14:05,-0.0065,-0.0053,-0.0012
2019-11-22 14:04,-0.0046,-0.0047,0.0002
2019-11-22 14:03,-0.0031,-0.0044,0.0013
2019-11-22 14:02,-0.0016,-0.0041,0.0025
2019-11-22 14:01,0.0003,-0.0032,0.0035
2019-11-22 14:00,0.0006,-0.0037,0.0043
2019-11-22 13:59,0.0006,-0.0046,0.0052
2019-11-22 13:58,0.0015,-0.0048,0.0063
2019-11-22 13:57,0.0047,-0.0028,0.0075
2019-11-22 13:56,0.0067,-0.0015,0.0083
2019-11-22 13:55,0.0087,0.0000,0.0086
2019-11-22 13:54,0.0100,0.0014,0.0086
2019-11-22 13:53,0.0110,0.0028,0.0083
2019-11-22 13:52,0.0102,0.0026,0.0076
2019-11-22 13:51,0.0102,0.0032,0.0070
2019-11-22 13:50,0.0109,0.0047,0.0062
2019-11-22 13:49,0.0105,0.0055,0.0050
2019-11-22 13:48,0.0094,0.0058,0.0036
2019-11-22 13:47,0.0079,0.0057,0.0021
2019-11-22 13:46,0.0063,0.0056,0.0007
2019-11-22 13:45,0.0045,0.0052,-0.0007
2019-11-22 13:44,0.0021,0.0041,-0.0020
2019-11-22 13:43,-0.0002,0.0029,-0.0030
2019-11-22 13:42,-0.0011,0.0026,-0.0038
2019-11-22 13:41,-0.0023,0.0021,-0.0044
2019-11-22 13:40,-0.0037,0.0012,-0.0049
2019-11-22 13:39,-0.0056,-0.0003,-0.0052
2019-11-22 13:38,-0.0058,-0.0006,-0.0052
2019-11-22 13:37,-0.0054,-0.0004,-0.0050
2019-11-22 13:36,-0.0050,-0.0001,-0.0049
2019-11-22 13:35,-0.0048,0.0001,-0.0049
2019-11-22 13:34,-0.0055,-0.0006,-0.0049
2019-11-22 13:33,-0.0058,-0.0011,-0.0047
2019-11-22 13:32,-0.0061,-0.0017,-0.0045
2019-11-22 13:31,-0.0059,-0.0019,-0.0041
2019-11-22 13:30,-0.0046,-0.0010,-0.0036
2019-11-22 13:29,-0.0038,-0.0004,-0.0033
2019-11-22 13:28,-0.0037,-0.0005,-0.0032
2019-11-22 13:27,-0.0031,-0.0000,-0.0031
2019-11-22 13:26,-0.0023,0.0008,-0.0031
2019-11-22 13:25,-0.0020,0.0013,-0.0033
2019-11-22 13:24,-0.0018,0.0018,-0.0036
2019-11-22 13:23,-0.0026,0.0015,-0.0041
2019-11-22 13:22,-0.0036,0.0008,-0.0044
2019-11-22 13:21,-0.0037,0.0009,-0.0046
2019-11-22 13:20,-0.0033,0.0015,-0.0049
2019-11-22 13:19,-0.0033,0.0019,-0.0052
2019-11-22 13:18,-0.0027,0.0030,-0.0057
2019-11-22 13:17,-0.0024,0.0041,-0.0065
2019-11-22 13:16,-0.0025,0.0050,-0.0075
2019-11-22 13:15,-0.0046,0.0041,-0.0087
2019-11-22 13:14,-0.0062,0.0036,-0.0098
2019-11-22 13:13,-0.0072,0.0035,-0.0107
2019-11-22 13:12,-0.0093,0.0022,-0.0115
2019-11-22 13:11,-0.0119,0.0002,-0.0121
2019-11-22 13:10,-0.0135,-0.0013,-0.0122
2019-11-22 13:09,-0.0153,-0.0035,-0.0118
2019-11-22 13:08,-0.0154,-0.0044,-0.0110
2019-11-22 13:07,-0.0148,-0.0049,-0.0099
2019-11-22 13:06,-0.0148,-0.0061,-0.0086
2019-11-22 13:05,-0.0130,-0.0059,-0.0071
2019-11-22 13:04,-0.0116,-0.0060,-0.0056
2019-11-22 13:03,-0.0107,-0.0066,-0.0041
2019-11-22 13:02,-0.0092,-0.0067,-0.0024
2019-11-22 13:01,-0.0073,-0.0065,-0.0007
2019-11-22 13:00,-0.0052,-0.0061,0.0009
2019-11-22 12:59,-0.0026,-0.0050,0.0024
2019-11-22 12:58,-0.0002,-0.0038,0.0037
2019-11-22 12:57,0.0014,-0.0033,0.0046
2019-11-22 12:56,0.0028,-0.0026,0.0054
2019-11-22 12:55,0.0046,-0.0015,0.0061
2019-11-22 12:54,0.0058,-0.0006,0.0065
2019-11-22 12:53,0.0068,0.0002,0.0066
2019-11-22 12:52,0.0079,0.0013,0.0066
2019-11-22 12:51,0.0082,0.0019,0.0062
2019-11-22 12:50,0.0074,0.0017,0.0058
2019-11-22 12:49,0.0051,-0.0002,0.0053
2019-11-22 12:48,0.0039,-0.0014,0.0054
2019-11-22 12:47,0.0043,-0.0014,0.0058
2019-11-22 12:46,0.0047,-0.0014,0.0061
2019-11-22 12:45,0.0048,-0.0017,0.0065
2019-11-22 12:44,0.0057,-0.0012,0.0069
2019-11-22 12:43,0.0073,0.0001,0.0072
2019-11-22 12:42,0.0092,0.0020,0.0071
2019-11-22 12:41,0.0103,0.0037,0.0066
2019-11-22 12:40,0.0103,0.0046,0.0057
2019-11-22 12:39,0.0106,0.0060,0.0046
2019-11-22 12:38,0.0098,0.0067,0.0031
2019-11-22 12:37,0.0076,0.0062,0.0014
2019-11-22 12:36,0.0052,0.0054,-0.0002
2019-11-22 12:35,0.0026,0.0041,-0.0015
2019-11-22 12:34,0.0002,0.0027,-0.0025
2019-11-22 12:33,-0.0028,0.0004,-0.0032
2019-11-22 12:32,-0.0040,-0.0007,-0.0033
2019-11-22 12:31,-0.0056,-0.0025,-0.0031
2019-11-22 12:30,-0.0050,-0.0024,-0.0025
2019-11-22 12:29,-0.0051,-0.0032,-0.0019
2019-11-22 12:28,-0.0057,-0.0046,-0.0011
2019-11-22 12:27,-0.0058,-0.0059,0.0000
2019-11-22 12:26,-0.0065,-0.0080,0.0015
2019-11-22 12:25,-0.0068,-0.0103,0.0035
2019-11-22 12:24,-0.0064,-0.0125,0.0061
2019-11-22 12:23,-0.0044,-0.0136,0.0092
2019-11-22 12:22,0.0003,-0.0123,0.0126
2019-11-22 12:21,0.0022,-0.0135,0.0157
2019-11-22 12:20,0.0058,-0.0132,0.0190
2019-11-22 12:19,0.0102,-0.0122,0.0223
2019-11-22 12:18,0.0146,-0.0108,0.0254
2019-11-22 12:17,0.0199,-0.0081,0.0281
2019-11-22 12:16,0.0255,-0.0046,0.0301
2019-11-22 12:15,0.0282,-0.0031,0.0313
2019-11-22 12:14,0.0305,-0.0016,0.0321
2019-11-22 12:13,0.0316,-0.0009,0.0325
2019-11-22 12:12,0.0316,-0.0011,0.0327
2019-11-22 12:11,0.0331,0.0002,0.0330
2019-11-22 12:10,0.0336,0.0007,0.0329
2019-11-22 12:09,0.0347,0.0020,0.0327
2019-11-22 12:08,0.0356,0.0034,0.0323
2019-11-22 12:07,0.0363,0.0049,0.0314
2019-11-22 12:06,0.0356,0.0055,0.0302
2019-11-22 12:05,0.0342,0.0054,0.0288
2019-11-22 12:04,0.0325,0.0050,0.0275
2019-11-22 12:03,0.0308,0.0046,0.0262
2019-11-22 12:02,0.0297,0.0046,0.0251
2019-11-22 12:01,0.0278,0.0039,0.0239
2019-11-22 12:00,0.0281,0.0052,0.0229
2019-11-22 11:59,0.0271,0.0054,0.0216
2019-11-22 11:58,0.0258,0.0055,0.0203
2019-11-22 11:57,0.0238,0.0049,0.0189
2019-11-22 11:56,0.0220,0.0043,0.0177
2019-11-22 11:55,0.0199,0.0033,0.0166
2019-11-22 11:54,0.0174,0.0016,0.0158
2019-11-22 11:53,0.0155,0.0001,0.0154
2019-11-22 11:52,0.0133,-0.0021,0.0154
2019-11-22 11:51,0.0129,-0.0030,0.0159
2019-11-22 11:50,0.0130,-0.0036,0.0167
2019-11-22 11:49,0.0127,-0.0049,0.0176
2019-11-22 11:48,0.0131,-0.0057,0.0188
2019-11-22 11:47,0.0149,-0.0053,0.0202
2019-11-22 11:46,0.0181,-0.0035,0.0215
2019-11-22 11:45,0.0208,-0.0016,0.0224
2019-11-22 11:44,0.0221,-0.0007,0.0228
2019-11-22 11:43,0.0233,0.0003,0.0230
2019-11-22 11:42,0.0240,0.0010,0.0229
2019-11-22 11:41,0.0250,0.0023,0.0227
2019-11-22 11:40,0.0264,0.0043,0.0221
2019-11-22 11:39,0.0269,0.0059,0.0210
2019-11-22 11:38,0.0261,0.0065,0.0196
2019-11-22 11:37,0.0242,0.0062,0.0179
2019-11-22 11:36,0.0223,0.0059,0.0164
2019-11-22 11:35,0.0202,0.0053,0.0149
2019-11-22 11:34,0.0187,0.0051,0.0136
2019-11-22 11:33,0.0155,0.0032,0.0123
2019-11-22 11:32,0.0137,0.0022,0.0115
2019-11-22 11:31,0.0128,0.0019,0.0109
2019-11-22 11:30,0.0125,0.0020,0.0105
2019-11-22 11:29,0.0129,0.0029,0.0100
2019-11-22 11:28,0.0137,0.0045,0.0092
2019-11-22 11:27,0.0144,0.0063,0.0081
2019-11-22 11:26,0.0147,0.0081,0.0065
2019-11-22 11:25,0.0128,0.0083,0.0045
2019-11-22 11:24,0.0103,0.0079,0.0024
2019-11-22 11:23,0.0079,0.0075,0.0005
2019-11-22 11:22,0.0048,0.0062,-0.0014
2019-11-22 11:21,0.0013,0.0042,-0.0030
2019-11-22 11:20,-0.0018,0.0023,-0.0040
2019-11-22 11:19,-0.0036,0.0010,-0.0046
2019-11-22 11:18,-0.0048,0.0000,-0.0048
2019-11-22 11:17,-0.0074,-0.0025,-0.0049
2019-11-22 11:16,-0.0095,-0.0052,-0.0042
2019-11-22 11:15,-0.0090,-0.0061,-0.0029
2019-11-22 11:14,-0.0082,-0.0068,-0.0014
2019-11-22 11:13,-0.0071,-0.0074,0.0003
2019-11-22 11:12,-0.0051,-0.0072,0.0022
2019-11-22 11:11,-0.0014,-0.0054,0.0040
2019-11-22 11:10,0.0028,-0.0025,0.0053
2019-11-22 11:09,0.0066,0.0007,0.0059
2019-11-22 11:08,0.0088,0.0030,0.0057
2019-11-22 11:07,0.0099,0.0049,0.0050
2019-11-22 11:06,0.0097,0.0059,0.0038
2019-11-22 11:05,0.0088,0.0065,0.0023
2019-11-22 11:04,0.0075,0.0068,0.0006
2019-11-22 11:03,0.0058,0.0069,-0.0011
2019-11-22 11:02,0.0041,0.0068,-0.0028
2019-11-22 11:01,0.0012,0.0057,-0.0045
2019-11-22 11:00,-0.0004,0.0055,-0.0059
2019-11-22 10:59,-0.0030,0.0042,-0.0073
2019-11-22 10:58,-0.0043,0.0041,-0.0083
2019-11-22 10:57,-0.0057,0.0036,-0.0094
2019-11-22 10:56,-0.0066,0.0037,-0.0103
2019-11-22 10:55,-0.0055,0.0057,-0.0112
2019-11-22 10:54,-0.0050,0.0076,-0.0126
2019-11-22 10:53,-0.0062,0.0084,-0.0145
2019-11-22 10:52,-0.0067,0.0099,-0.0166
2019-11-22 10:51,-0.0094,0.0096,-0.0191
2019-11-22 10:50,-0.0137,0.0078,-0.0215
2019-11-22 10:49,-0.0180,0.0054,-0.0234
2019-11-22 10:48,-0.0230,0.0018,-0.0248
2019-11-22 10:47,-0.0256,-0.0004,-0.0252
2019-11-22 10:46,-0.0302,-0.0051,-0.0251
2019-11-22 10:45,-0.0300,-0.0061,-0.0239
2019-11-22 10:44,-0.0298,-0.0075,-0.0223
2019-11-22 10:43,-0.0286,-0.0081,-0.0205
2019-11-22 10:42,-0.0272,-0.0087,-0.0184
2019-11-22 10:41,-0.0249,-0.0087,-0.0162
2019-11-22 10:40,-0.0238,-0.0097,-0.0141
2019-11-22 10:39,-0.0230,-0.0113,-0.0116
2019-11-22 10:38,-0.0206,-0.0118,-0.0088
2019-11-22 10:37,-0.0182,-0.0124,-0.0058
2019-11-22 10:36,-0.0170,-0.0143,-0.0027
2019-11-22 10:35,-0.0136,-0.0144,0.0008
2019-11-22 10:34,-0.0070,-0.0115,0.0044
2019-11-22 10:33,-0.0033,-0.0105,0.0073
2019-11-22 10:32,0.0017,-0.0083,0.0099
2019-11-22 10:31,0.0039,-0.0081,0.0120
2019-11-22 10:30,0.0076,-0.0064,0.0140
2019-11-22 10:29,0.0128,-0.0028,0.0156
2019-11-22 10:28,0.0147,-0.0017,0.0163
2019-11-22 10:27,0.0183,0.0016,0.0168
2019-11-22 10:26,0.0195,0.0031,0.0164
2019-11-22 10:25,0.0214,0.0058,0.0156
2019-11-22 10:24,0.0226,0.0084,0.0141
2019-11-22 10:23,0.0221,0.0101,0.0120
2019-11-22 10:22,0.0212,0.0118,0.0095
2019-11-22 10:21,0.0193,0.0128,0.0065
2019-11-22 10:20,0.0166,0.0132,0.0033
2019-11-22 10:19,0.0139,0.0138,0.0000
2019-11-22 10:18,0.0104,0.0139,-0.0034
2019-11-22 10:17,0.0057,0.0126,-0.0069
2019-11-22 10:16,0.0018,0.0118,-0.0100
2019-11-22 10:15,-0.0014,0.0115,-0.0130
2019-11-22 10:14,-0.0045,0.0114,-0.0159
2019-11-22 10:13,-0.0068,0.0120,-0.0187
2019-11-22 10:12,-0.0142,0.0075,-0.0217
2019-11-22 10:11,-0.0153,0.0083,-0.0236
2019-11-22 10:10,-0.0175,0.0082,-0.0257
2019-11-22 10:09,-0.0210,0.0067,-0.0277
2019-11-22 10:08,-0.0222,0.0072,-0.0294
2019-11-22 10:07,-0.0240,0.0072,-0.0312
2019-11-22 10:06,-0.0263,0.0067,-0.0330
2019-11-22 10:05,-0.0264,0.0083,-0.0347
2019-11-22 10:04,-0.0262,0.0106,-0.0368
